name,index,category,contents,status,time,on/off,URL,attachment,Google Drive,gen-time,edit-time,block-ID,post-block,[index] post-block,[index] pre-block,pre-block,Hash tag
@2026년 5월 8일 회의,회의록,메모,텍스트,cowork,2026년 5월 8일 오후 2:00 (GMT+9) → 오후 9:30,No,,,,2026년 5월 8일 오후 3:11,2026년 5월 16일 오후 3:17,95,,,,,"BRANDING, MARKETING"
(제2026-342호) 「모두의 창업 프로젝트」 통합 모집 수정공고,2026년도 모두의창업,정보,스크랩,cowork,2026년 5월 15일,No,https://xgsaqqpairap3855818.gcdn.gov-ntruss.com/file/77d821f8fa504521b8a01d18e17e27ef/(%EC%A0%9C2026-342%ED%98%B8)%20%E3%80%8C%EB%AA%A8%EB%91%90%EC%9D%98%20%EC%B0%BD%EC%97%85%20%ED%94%84%EB%A1%9C%EC%A0%9D%ED%8A%B8%E3%80%8D%20%ED%86%B5%ED%95%A9%20%EB%AA%A8%EC%A7%91%20%EC%88%98%EC%A0%95%EA%B3%B5%EA%B3%A0.pdf,(%EC%A0%9C2026-342%ED%98%B8)_%E3%80%8C%EB%AA%A8%EB%91%90%EC%9D%98_%EC%B0%BD%EC%97%85_%ED%94%84%EB%A1%9C%EC%A0%9D%ED%8A%B8%E3%80%8D_%ED%86%B5%ED%95%A9_%EB%AA%A8%EC%A7%91_%EC%88%98%EC%A0%95%EA%B3%B5%EA%B3%A0.pdf,,2026년 5월 15일 오후 10:17,2026년 5월 15일 오후 10:21,114,,,,,ADMINISTRATIVE WORK
2026년도 모두의창업,2026년도 모두의창업,메모,텍스트,cowork,2026년 5월 13일 → 2026년 5월 13일,No,,,,2026년 5월 15일 오후 8:29,2026년 5월 15일 오후 10:18,104,,,,,ADMINISTRATIVE WORK
[신속심사 기관] 모두의 창업 프로젝트 신속심사 멘토기관 안내,2026년도 모두의창업,정보,스크랩,cowork,2026년 4월 24일,No,https://xgsaqqpairap3855818.gcdn.gov-ntruss.com/file/ed1366988c5b4e84a0f020dcdefea232/[%EC%8B%A0%EC%86%8D%EC%8B%AC%EC%82%AC%20%EA%B8%B0%EA%B4%80]%20%EB%AA%A8%EB%91%90%EC%9D%98%20%EC%B0%BD%EC%97%85%20%ED%94%84%EB%A1%9C%EC%A0%9D%ED%8A%B8%20%EC%8B%A0%EC%86%8D%EC%8B%AC%EC%82%AC%20%EB%A9%98%ED%86%A0%EA%B8%B0%EA%B4%80%20%EC%95%88%EB%82%B4.pdf,%EC%8B%A0%EC%86%8D%EC%8B%AC%EC%82%AC_%EA%B8%B0%EA%B4%80_%EB%AA%A8%EB%91%90%EC%9D%98_%EC%B0%BD%EC%97%85_%ED%94%84%EB%A1%9C%EC%A0%9D%ED%8A%B8_%EC%8B%A0%EC%86%8D%EC%8B%AC%EC%82%AC_%EB%A9%98%ED%86%A0%EA%B8%B0%EA%B4%80_%EC%95%88%EB%82%B4.pdf,,2026년 5월 15일 오후 10:16,2026년 5월 15일 오후 10:17,113,,,,,ADMINISTRATIVE WORK
(제2026-208호) 「모두의 창업 프로젝트」 통합 모집공고,2026년도 모두의창업,정보,스크랩,cowork,2026년 3월 25일,No,https://xgsaqqpairap3855818.gcdn.gov-ntruss.com/file/2a12c4bbf10b462481b240234eb9e569/(%EC%A0%9C2026-208%ED%98%B8)%20%E3%80%8C%EB%AA%A8%EB%91%90%EC%9D%98%20%EC%B0%BD%EC%97%85%20%ED%94%84%EB%A1%9C%EC%A0%9D%ED%8A%B8%E3%80%8D%20%ED%86%B5%ED%95%A9%20%EB%AA%A8%EC%A7%91%EA%B3%B5%EA%B3%A0.pdf,(%EC%A0%9C2026-208%ED%98%B8)_%E3%80%8C%EB%AA%A8%EB%91%90%EC%9D%98_%EC%B0%BD%EC%97%85_%ED%94%84%EB%A1%9C%EC%A0%9D%ED%8A%B8%E3%80%8D_%ED%86%B5%ED%95%A9_%EB%AA%A8%EC%A7%91%EA%B3%B5%EA%B3%A0.pdf,,2026년 5월 15일 오후 9:55,2026년 5월 15일 오후 10:15,112,,,,,ADMINISTRATIVE WORK
@2026년 5월 15일 회의,회의록,메모,텍스트,cowork,2026년 5월 15일 오후 2:00 (GMT+9) → 오후 11:00,No,,,,2026년 5월 15일 오후 8:55,2026년 5월 15일 오후 9:35,111,,,,,
@2026년 5월 13일 회의,회의록,메모,텍스트,cowork,2026년 5월 13일 오후 1:00 (GMT+9) → 오후 10:00,No,,,,2026년 5월 13일 오후 4:00,2026년 5월 15일 오후 9:18,100,,,,,"ADMINISTRATIVE WORK, BRANDING, FINANCE"
2026년도 모두의창업 지원서 첨부파일 (5),2026년도 모두의창업,정보,사진,cowork,2026년 5월 15일,No,,2026%EB%85%84%EB%8F%84_%EB%AA%A8%EB%91%90%EC%9D%98%EC%B0%BD%EC%97%85_%EC%A7%80%EC%9B%90%EC%84%9C_%EC%B2%A8%EB%B6%80%ED%8C%8C%EC%9D%BC_(5).png,,2026년 5월 15일 오후 8:51,2026년 5월 15일 오후 8:52,110,,,,,ADMINISTRATIVE WORK
2026년도 모두의창업 지원서 첨부파일 (4),2026년도 모두의창업,정보,사진,cowork,2026년 5월 15일,No,,2026%EB%85%84%EB%8F%84_%EB%AA%A8%EB%91%90%EC%9D%98%EC%B0%BD%EC%97%85_%EC%A7%80%EC%9B%90%EC%84%9C_%EC%B2%A8%EB%B6%80%ED%8C%8C%EC%9D%BC_(4).png,,2026년 5월 15일 오후 8:51,2026년 5월 15일 오후 8:51,109,,,,,ADMINISTRATIVE WORK
2026년도 모두의창업 지원서 첨부파일 (3),2026년도 모두의창업,정보,사진,cowork,2026년 5월 15일,No,,2026%EB%85%84%EB%8F%84_%EB%AA%A8%EB%91%90%EC%9D%98%EC%B0%BD%EC%97%85_%EC%A7%80%EC%9B%90%EC%84%9C_%EC%B2%A8%EB%B6%80%ED%8C%8C%EC%9D%BC_(3).png,,2026년 5월 15일 오후 8:50,2026년 5월 15일 오후 8:50,108,,,,,ADMINISTRATIVE WORK
2026년도 모두의창업 지원서 첨부파일 (2),2026년도 모두의창업,정보,사진,cowork,2026년 5월 15일,No,,2026%EB%85%84%EB%8F%84_%EB%AA%A8%EB%91%90%EC%9D%98%EC%B0%BD%EC%97%85_%EC%A7%80%EC%9B%90%EC%84%9C_%EC%B2%A8%EB%B6%80%ED%8C%8C%EC%9D%BC_(2).png,,2026년 5월 15일 오후 8:49,2026년 5월 15일 오후 8:50,107,,,,,ADMINISTRATIVE WORK
2026년도 모두의창업 지원서 첨부파일 (1),2026년도 모두의창업,정보,사진,cowork,2026년 5월 15일,No,,2026%EB%85%84%EB%8F%84_%EB%AA%A8%EB%91%90%EC%9D%98%EC%B0%BD%EC%97%85_%EC%A7%80%EC%9B%90%EC%84%9C_%EC%B2%A8%EB%B6%80%ED%8C%8C%EC%9D%BC_(1).jpg,,2026년 5월 15일 오후 8:46,2026년 5월 15일 오후 8:50,106,,,,,ADMINISTRATIVE WORK
2026년도 모두의창업 지원서,2026년도 모두의창업,정보,스크랩,cowork,2026년 5월 15일 오후 2:42 (GMT+9),No,,2026%EB%85%84%EB%8F%84_%EB%AA%A8%EB%91%90%EC%9D%98%EC%B0%BD%EC%97%85_%EC%A7%80%EC%9B%90%EC%84%9C.pdf,,2026년 5월 15일 오후 8:36,2026년 5월 15일 오후 8:44,105,,,,,ADMINISTRATIVE WORK
@2026년 5월 15일 빅블루 채용 면접 증빙서류 서식 모음 (김태형),@2026년 5월 15일 빅블루 채용 면접 증빙서류 서식 모음 (김태형),정보,스크랩,cowork,2026년 5월 9일,No,,20260515_%EB%B9%85%EB%B8%94%EB%A3%A8_%EC%B1%84%EC%9A%A9_%EB%A9%B4%EC%A0%91_%EC%A6%9D%EB%B9%99%EC%84%9C%EB%A5%98_%EC%84%9C%EC%8B%9D_%EB%AA%A8%EC%9D%8C_(%EA%B9%80%ED%83%9C%ED%98%95).pdf,,2026년 5월 9일 오후 12:19,2026년 5월 15일 오후 8:13,99,,,,,ADMINISTRATIVE WORK
@2026년 5월 15일 빅블루 채용 면접 증빙서류 서식 모음 (김태형),@2026년 5월 15일 빅블루 채용 면접 증빙서류 서식 모음 (김태형),정보,문서,cowork,2026년 5월 15일,No,,20260515_%EB%B9%85%EB%B8%94%EB%A3%A8_%EC%B1%84%EC%9A%A9_%EB%A9%B4%EC%A0%91_%EC%A6%9D%EB%B9%99%EC%84%9C%EB%A5%98_%EC%84%9C%EC%8B%9D_%EB%AA%A8%EC%9D%8C_(%EA%B9%80%ED%83%9C%ED%98%95).hwp,,2026년 5월 9일 오후 12:16,2026년 5월 15일 오후 8:13,98,,,,,ADMINISTRATIVE WORK
@2026년 5월 13일 오후 6:45 → 오후 7:33 회의,회의록,정보,오디오,cowork,2026년 5월 13일 오후 6:45 (GMT+9) → 오후 7:33,No,,2026%EB%85%84_5%EC%9B%94_13%EC%9D%BC_%EC%98%A4%ED%9B%84_6%EC%8B%9C_45%EB%B6%84__%EC%98%A4%ED%9B%84_7%EC%8B%9C_33%EB%B6%84_%ED%9A%8C%EC%9D%98_%EB%85%B9%EC%9D%8C%EB%B3%B8.m4a,,2026년 5월 13일 오후 7:54,2026년 5월 13일 오후 7:59,103,,,,,
@2026년 5월 13일 오후 2:17 → 오후 3:15 회의,회의록,정보,오디오,cowork,2026년 5월 13일 오후 2:17 (GMT+9) → 오후 3:15,No,,2026%EB%85%84_5%EC%9B%94_13%EC%9D%BC_%EC%98%A4%ED%9B%84_2%EC%8B%9C_17%EB%B6%84__%EC%98%A4%ED%9B%84_3%EC%8B%9C_15%EB%B6%84_%ED%9A%8C%EC%9D%98_%EB%85%B9%EC%9D%8C%EB%B3%B8.m4a,,2026년 5월 13일 오후 4:11,2026년 5월 13일 오후 5:16,102,,,,,
@2026년 5월 13일 오후 12:58 → 오후 2:09 회의,회의록,정보,오디오,cowork,2026년 5월 13일 오후 12:58 (GMT+9) → 오후 2:09,No,,2026%EB%85%84_5%EC%9B%94_13%EC%9D%BC_%EC%98%A4%ED%9B%84_12%EC%8B%9C_58%EB%B6%84__%EC%98%A4%ED%9B%84_2%EC%8B%9C_9%EB%B6%84_%ED%9A%8C%EC%9D%98_%EB%85%B9%EC%9D%8C%EB%B3%B8.m4a,,2026년 5월 13일 오후 4:06,2026년 5월 13일 오후 5:16,101,,,,,
빅블루 사업자등록증명 (@2026년 5월 8일),사업자등록증명,정보,스크랩,cowork,2026년 5월 8일,No,,%EB%B9%85%EB%B8%94%EB%A3%A8_%EC%82%AC%EC%97%85%EC%9E%90%EB%93%B1%EB%A1%9D%EC%A6%9D%EB%AA%85_(2026%EB%85%84_5%EC%9B%94_8%EC%9D%BC).pdf,,2026년 5월 8일 오후 11:26,2026년 5월 8일 오후 11:28,97,,,,,ADMINISTRATIVE WORK
빅블루 사업자등록증명 (@2026년 3월 20일),사업자등록증명,정보,스크랩,cowork,2026년 3월 20일,No,,%EB%B9%85%EB%B8%94%EB%A3%A8_%EC%82%AC%EC%97%85%EC%9E%90%EB%93%B1%EB%A1%9D%EC%A6%9D%EB%AA%85.pdf,,2026년 3월 20일 오후 3:26,2026년 5월 8일 오후 11:25,60,,,,,ADMINISTRATIVE WORK
@2026년 5월 8일 온라인 창구 리뷰 분석,리뷰,메모,텍스트,cowork,2026년 5월 7일 → 2026년 5월 8일,No,,,,2026년 5월 8일 오후 7:16,2026년 5월 8일 오후 8:26,96,,,,,"BRANDING, MARKETING"
2026년 서울시립대학교 캠퍼스타운 입주기업 관리카드 (빅블루),2026년 서울시립대학교 캠퍼스타운사업단 혜택 제휴,정보,스크랩,cowork,2026년 4월 30일,No,,2026%EB%85%84_%EC%84%9C%EC%9A%B8%EC%8B%9C%EB%A6%BD%EB%8C%80%ED%95%99%EA%B5%90_%EC%BA%A0%ED%8D%BC%EC%8A%A4%ED%83%80%EC%9A%B4_%EC%9E%85%EC%A3%BC%EA%B8%B0%EC%97%85_%EA%B4%80%EB%A6%AC%EC%B9%B4%EB%93%9C_(%EB%B9%85%EB%B8%94%EB%A3%A8).pdf,,2026년 5월 1일 오전 11:51,2026년 5월 1일 오전 11:56,94,,,,,ADMINISTRATIVE WORK
2026년 서울시립대학교 캠퍼스타운사업단 혜택 제휴,2026년 서울시립대학교 캠퍼스타운사업단 혜택 제휴,메모,텍스트,cowork,2026년 4월 21일 → 2027년 2월 28일,No,,,,2026년 5월 1일 오전 10:56,2026년 5월 1일 오전 11:56,90,,,,,ADMINISTRATIVE WORK
2026년 서울시립대학교 캠퍼스타운 입주기업 관리카드 (빅블루),2026년 서울시립대학교 캠퍼스타운사업단 혜택 제휴,정보,오피스,cowork,2026년 4월 30일,No,,2026%EB%85%84_%EC%84%9C%EC%9A%B8%EC%8B%9C%EB%A6%BD%EB%8C%80%ED%95%99%EA%B5%90_%EC%BA%A0%ED%8D%BC%EC%8A%A4%ED%83%80%EC%9A%B4_%EC%9E%85%EC%A3%BC%EA%B8%B0%EC%97%85_%EA%B4%80%EB%A6%AC%EC%B9%B4%EB%93%9C_(%EB%B9%85%EB%B8%94%EB%A3%A8).xlsx,,2026년 5월 1일 오전 11:47,2026년 5월 1일 오전 11:50,93,,,,,ADMINISTRATIVE WORK
2026년 서울시립대학교 캠퍼스타운 사업 참여 협약서 (빅블루),2026년 서울시립대학교 캠퍼스타운사업단 혜택 제휴,정보,스크랩,cowork,2026년 4월 28일,No,,2026%EB%85%84_%EC%84%9C%EC%9A%B8%EC%8B%9C%EB%A6%BD%EB%8C%80%ED%95%99%EA%B5%90_%EC%BA%A0%ED%8D%BC%EC%8A%A4%ED%83%80%EC%9A%B4_%EC%82%AC%EC%97%85_%EC%B0%B8%EC%97%AC_%ED%98%91%EC%95%BD%EC%84%9C_(%EB%B9%85%EB%B8%94%EB%A3%A8).pdf,,2026년 5월 1일 오전 11:38,2026년 5월 1일 오전 11:41,92,,,,,ADMINISTRATIVE WORK
2026년 서울시립대학교 캠퍼스타운 입주계약서 (빅블루),2026년 서울시립대학교 캠퍼스타운사업단 혜택 제휴,정보,스크랩,cowork,2026년 4월 28일,No,,2026%EB%85%84_%EC%84%9C%EC%9A%B8%EC%8B%9C%EB%A6%BD%EB%8C%80%ED%95%99%EA%B5%90_%EC%BA%A0%ED%8D%BC%EC%8A%A4%ED%83%80%EC%9A%B4_%EC%9E%85%EC%A3%BC%EA%B3%84%EC%95%BD%EC%84%9C_(%EB%B9%85%EB%B8%94%EB%A3%A8).pdf,,2026년 5월 1일 오전 11:34,2026년 5월 1일 오전 11:37,91,,,,,ADMINISTRATIVE WORK
2026학년도 서울시립대학교 창업활동,2026학년도 서울시립대학교 창업활동,메모,텍스트,cowork,2026년 3월 1일 → 2027년 2월 28일,No,,,,2026년 3월 9일 오전 8:13,2026년 5월 1일 오전 11:10,43,,,,,"ADMINISTRATIVE WORK, FINANCE"
@2026년 4월 23일 회의,회의록,메모,텍스트,cowork,2026년 4월 23일 오후 2:30 (GMT+9) → 오후 5:30,No,,,,2026년 4월 23일 오후 1:08,2026년 5월 1일 오전 10:54,89,,,,,ADMINISTRATIVE WORK
스페셜클래스 진행 준비 현황 (@2026년 3월 10일 오전 11:51),2026 연희 요가 week,정보,스크랩,cowork,2026년 3월 10일 오전 11:51 (GMT+9),No,https://docs.google.com/spreadsheets/d/1xXDxlIjmWqWWmw_jyNIe1yVXjUHixYyTFDara-IC3os/edit?gid=0#gid=0,%EC%8A%A4%ED%8E%98%EC%85%9C%ED%81%B4%EB%9E%98%EC%8A%A4_%EC%A7%84%ED%96%89_%EC%A4%80%EB%B9%84_%ED%98%84%ED%99%A9_(2026%EB%85%84_3%EC%9B%94_10%EC%9D%BC_%EC%98%A4%EC%A0%84_1151).pdf,,2026년 3월 10일 오전 11:50,2026년 5월 1일 오전 10:51,53,,,,,ADMINISTRATIVE WORK
@2026년 4월 17일 회의,회의록,메모,텍스트,cowork,2026년 4월 17일 오후 12:15 (GMT+9) → 오후 10:15,No,,,,2026년 4월 15일 오후 9:03,2026년 4월 17일 오후 10:13,87,,,,,"BRANDING, MARKETING"
리뷰 현황 아카이브,리뷰 현황 아카이브,메모,텍스트,cowork,2026년 4월 17일,No,,,,2026년 4월 17일 오후 5:22,2026년 4월 17일 오후 8:21,88,,,,,MARKETING
@2026년 4월 12일 회의,회의록,메모,텍스트,cowork,2026년 4월 12일 오후 9:10 (GMT+9) → 오후 10:24,No,,,,2026년 4월 12일 오후 8:43,2026년 4월 13일 오전 11:30,77,,,,,"ADMINISTRATIVE WORK, MARKETING"
@2026년 4월 7일 기준 BM 분석,BM,메모,텍스트,cowork,2026년 4월 8일,No,,,,2026년 4월 12일 오후 9:06,2026년 4월 12일 오후 10:17,78,,,BM,@2026년 4월 7일 기준 BM (https://www.notion.so/33c5f5025041809e9548d22c95760219?pvs=21),"FINANCE, MARKETING"
@2026년 4월 7일 기준 BM 분석,BM,정보,사진,cowork,2026년 4월 8일,No,,,,2026년 4월 12일 오후 10:16,2026년 4월 12일 오후 10:17,86,,,,,FINANCE
@2026년 4월 7일 기준 BM 분석,BM,정보,사진,cowork,2026년 4월 8일,No,,,,2026년 4월 12일 오후 10:16,2026년 4월 12일 오후 10:16,85,,,,,FINANCE
@2026년 4월 7일 기준 BM 분석,BM,정보,사진,cowork,2026년 4월 8일,No,,,,2026년 4월 12일 오후 9:44,2026년 4월 12일 오후 9:44,84,,,,,FINANCE
@2026년 4월 7일 기준 BM 분석,BM,정보,사진,cowork,2026년 4월 8일,No,,,,2026년 4월 12일 오후 9:43,2026년 4월 12일 오후 9:43,83,,,,,FINANCE
@2026년 4월 7일 기준 BM 분석,BM,정보,사진,cowork,2026년 4월 8일,No,,,,2026년 4월 12일 오후 9:42,2026년 4월 12일 오후 9:43,82,,,,,FINANCE
@2026년 4월 7일 기준 BM 분석,BM,정보,사진,cowork,2026년 4월 8일,No,,,,2026년 4월 12일 오후 9:42,2026년 4월 12일 오후 9:42,81,,,,,FINANCE
@2026년 4월 7일 기준 BM 분석,BM,정보,사진,cowork,2026년 4월 8일,No,,,,2026년 4월 12일 오후 9:41,2026년 4월 12일 오후 9:41,80,,,,,FINANCE
@2026년 4월 7일 기준 BM 분석,BM,정보,사진,cowork,2026년 4월 8일,No,,,,2026년 4월 12일 오후 9:34,2026년 4월 12일 오후 9:40,79,,,,,FINANCE
@2026년 4월 8일 회의,회의록,메모,텍스트,cowork,2026년 4월 8일 오후 4:30 (GMT+9) → 오후 6:20,No,,,,2026년 4월 8일 오후 4:32,2026년 4월 12일 오후 9:18,75,,,,,
@2026년 4월 7일 기준 BM,BM,메모,텍스트,cowork,2026년 4월 7일,No,,,,2026년 4월 8일 오후 4:37,2026년 4월 12일 오후 9:11,76,@2026년 4월 7일 기준 BM 분석 (https://www.notion.so/3405f502504180bf9deeca768d9f7c5d?pvs=21),BM,,,"FINANCE, MARKETING"
@2026년 3월 30일 회의,회의록,메모,텍스트,cowork,2026년 3월 30일 오후 2:00 (GMT+9) → 오후 10:00,No,,,,2026년 3월 24일 오후 3:00,2026년 4월 8일 오후 9:34,68,,,,,"ADMINISTRATIVE WORK, BRANDING, CUSTOMER SERVICE, MARKETING"
@2026년 3월 20일 → 2026년 3월 21일 BM & 고객여정지도 정비,BM & 고객여정지도 정비,메모,텍스트,cowork,2026년 3월 20일 → 2026년 3월 21일,No,,,,2026년 3월 21일 오후 3:09,2026년 4월 8일 오후 4:40,63,,,,,"BRANDING, MARKETING"
@2026년 4월 7일 회의,회의록,메모,텍스트,cowork,2026년 4월 7일 오후 2:30 (GMT+9) → 오후 5:25,No,,,,2026년 4월 7일 오후 2:31,2026년 4월 8일 오후 4:35,74,,,,,"CUSTOMER SERVICE, MARKETING"
2026학년도 UOS 창업동아리 지원금 신청 안내 및 서식,2026학년도 서울시립대학교 창업동아리,정보,문서,cowork,2026년 4월 3일,No,,%EC%82%AC%EC%97%85%ED%99%94%EC%9E%90%EA%B8%88_%EC%95%88%EB%82%B4_%EB%B0%8F_%EC%96%91%EC%8B%9D.hwp,,2026년 4월 7일 오전 10:52,2026년 4월 7일 오전 11:04,73,,,,,ADMINISTRATIVE WORK
2026학년도 UOS 창업동아리 OT 자료,2026학년도 서울시립대학교 창업동아리,정보,스크랩,cowork,2026년 4월 3일,No,,%EC%B0%BD%EC%97%85%EB%8F%99%EC%95%84%EB%A6%AC_%EC%98%A4%EB%A6%AC%EC%97%94%ED%85%8C%EC%9D%B4%EC%85%98.pdf,,2026년 4월 7일 오전 10:50,2026년 4월 7일 오전 10:53,72,,,,,ADMINISTRATIVE WORK
2026학년도 서울시립대학교 창업동아리,2026학년도 서울시립대학교 창업동아리,메모,텍스트,cowork,2026년 3월 4일 → 2027년 2월 28일,No,,,,2026년 3월 9일 오전 8:41,2026년 4월 7일 오전 10:53,44,,,,,"ADMINISTRATIVE WORK, BRANDING, FINANCE"
2026학년도 UOS 창업동아리 OT 유인물,2026학년도 서울시립대학교 창업동아리,정보,스크랩,cowork,2026년 4월 3일,No,,2026%ED%95%99%EB%85%84%EB%8F%84_UOS_%EC%B0%BD%EC%97%85%EB%8F%99%EC%95%84%EB%A6%AC_%EC%9A%B4%EC%98%81.pdf,,2026년 4월 5일 오후 3:40,2026년 4월 7일 오전 10:52,71,,,,,ADMINISTRATIVE WORK
2026학년도 UOS 창업동아리 OT,2026학년도 서울시립대학교 창업동아리,메모,텍스트,cowork,2026년 4월 3일 오후 4:00 (GMT+9) → 오후 4:30,No,,,,2026년 4월 3일 오후 4:26,2026년 4월 3일 오후 4:31,70,,,,,ADMINISTRATIVE WORK
@2026년 4월 1일 회의,회의록,메모,텍스트,cowork,2026년 4월 1일 오후 3:20 (GMT+9) → 오후 6:10,No,,,,2026년 4월 1일 오후 3:29,2026년 4월 1일 오후 10:43,69,,,,,CUSTOMER SERVICE
포트폴리오 공유용 Notion 제작,포트폴리오 공유용 Notion 제작,메모,텍스트,cowork,2026년 3월 23일,No,,,,2026년 3월 23일 오후 8:25,2026년 3월 30일 오후 8:12,67,,,,,BRANDING
@2026년 3월 24일 회의,회의록,메모,텍스트,cowork,2026년 3월 24일 오후 12:15 (GMT+9) → 오후 6:10,No,,,,2026년 3월 23일 오후 7:42,2026년 3월 24일 오후 9:19,66,,,,,"ADMINISTRATIVE WORK, BRANDING, MARKETING"
2026학년도 UOS 창업동아리 선발대회 발표자료 (빅블루),2026학년도 서울시립대학교 창업동아리,정보,오피스,cowork,2026년 3월 20일 → 2026년 3월 21일,No,,2026%ED%95%99%EB%85%84%EB%8F%84_UOS_%EC%B0%BD%EC%97%85%EB%8F%99%EC%95%84%EB%A6%AC_%EC%84%A0%EB%B0%9C%EB%8C%80%ED%9A%8C_%EB%B0%9C%ED%91%9C%EC%9E%90%EB%A3%8C_(%EB%B9%85%EB%B8%94%EB%A3%A8).pptx,,2026년 3월 22일 오후 1:24,2026년 3월 22일 오후 1:26,65,,,2026학년도 서울시립대학교 창업동아리,2026학년도 UOS 창업동아리 참가 신청서 (빅블루) (https://www.notion.so/3295f502504180a2af6bcb0d5415ce0b?pvs=21),ADMINISTRATIVE WORK
@2026년 3월 21일 회의,회의록,메모,텍스트,cowork,2026년 3월 22일 오후 3:00 (GMT+9) → 오후 11:40,No,,,,2026년 3월 21일 오후 3:24,2026년 3월 22일 오후 1:12,64,,,회의록,@2026년 3월 20일 회의 (https://www.notion.so/3295f502504180b5a3d7e4078afb19ff?pvs=21),"ADMINISTRATIVE WORK, BRANDING, MARKETING"
@2026년 3월 20일 회의,회의록,메모,텍스트,cowork,2026년 3월 20일 오후 2:00 (GMT+9) → 2026년 3월 21일 오전 12:10 (GMT+9),No,,,,2026년 3월 20일 오후 12:13,2026년 3월 21일 오후 5:36,59,@2026년 3월 21일 회의 (https://www.notion.so/32a5f502504180e89819cadf93d13cea?pvs=21),회의록,,,"ADMINISTRATIVE WORK, BRANDING, MARKETING"
@2026년 2월 20일 회의,회의록,메모,텍스트,cowork,2026년 2월 20일 오후 3:45 (GMT+9) → 오후 6:20,No,,,,2026년 2월 27일 오후 9:16,2026년 3월 21일 오후 3:04,6,,,,,"ADMINISTRATIVE WORK, CUSTOMER SERVICE"
2026학년도 UOS 창업동아리 참가 신청서 (빅블루),2026학년도 서울시립대학교 창업동아리,정보,문서,cowork,2026년 3월 20일,No,,2026%ED%95%99%EB%85%84%EB%8F%84_UOS_%EC%B0%BD%EC%97%85%EB%8F%99%EC%95%84%EB%A6%AC_%EC%B0%B8%EA%B0%80_%EC%8B%A0%EC%B2%AD%EC%84%9C_(%EB%B9%85%EB%B8%94%EB%A3%A8).hwp,,2026년 3월 20일 오후 7:03,2026년 3월 20일 오후 7:47,62,2026학년도 UOS 창업동아리 선발대회 발표자료 (빅블루) (https://www.notion.so/32b5f50250418003a5fbd342ddef61b3?pvs=21),2026학년도 서울시립대학교 창업동아리,2026학년도 서울시립대학교 창업동아리,2026학년도 UOS 창업동아리 참가 신청서 (https://www.notion.so/31d5f5025041800fb2c2ee52170d84aa?pvs=21),ADMINISTRATIVE WORK
유동환 재적증명서 (@2026년 3월 20일),2025학년도 서울시립대학교 창업장학금,정보,스크랩,cowork,2026년 3월 20일,No,,%EC%9C%A0%EB%8F%99%ED%99%98_%EC%9E%AC%EC%A0%81%EC%A6%9D%EB%AA%85%EC%84%9C_(2026%EB%85%84_3%EC%9B%94_20%EC%9D%BC).pdf.pdf,,2026년 3월 20일 오후 3:29,2026년 3월 20일 오후 3:30,61,,,,,ADMINISTRATIVE WORK
빅블루요가 사업자등록증,사업자등록증,정보,스크랩,cowork,2025년 1월 30일,No,,%EB%B9%85%EB%B8%94%EB%A3%A8%EC%9A%94%EA%B0%80_%EC%82%AC%EC%97%85%EC%9E%90%EB%93%B1%EB%A1%9D%EC%A6%9D.pdf,,2026년 2월 27일 오후 9:16,2026년 3월 20일 오후 3:26,21,"유동환 창업장학금 신청 증빙서류 (https://www.notion.so/5725f5025041839b807c019be4003ca1?pvs=21), 2025학년도 서울시립대학교 학생창업기업 신청서 및 제반서류 (https://www.notion.so/8b15f502504183179de2819c46ac8bee?pvs=21)","2023학년도 서울시립대학교 창업장학금,2025학년도 서울시립대학교 학생창업기업 지원금 신청 추가 모집",,,ADMINISTRATIVE WORK
업무용 계정 아이디 / 비밀번호,ID/Password,메모,텍스트,cowork,,No,,,,2026년 2월 27일 오후 9:16,2026년 3월 20일 오후 3:13,28,,,,,ADMINISTRATIVE WORK
@2026년 3월 16일 회의,회의록,메모,텍스트,cowork,2026년 3월 16일 오후 1:30 (GMT+9) → 오후 10:50,No,,,,2026년 3월 16일 오후 1:36,2026년 3월 20일 오후 2:51,57,,,,,"BRANDING, MARKETING"
@2026년 1월 29일 회의,회의록,메모,텍스트,cowork,2026년 1월 29일 오후 9:15 (GMT+9) → 오후 10:25,No,,,,2026년 2월 27일 오후 9:16,2026년 3월 20일 오후 2:03,35,,,,,"ADMINISTRATIVE WORK, CUSTOMER SERVICE, FINANCE"
@2026년 1월 27일 회의,회의록,메모,텍스트,cowork,2026년 1월 27일,No,,,,2026년 2월 27일 오후 9:16,2026년 3월 20일 오후 1:50,33,,,,,"ADMINISTRATIVE WORK, BRANDING, CUSTOMER SERVICE, FINANCE, MARKETING"
@2026년 3월 11일 → 2026년 3월 12일 회의,회의록,메모,텍스트,cowork,2026년 3월 11일 → 2026년 3월 12일,No,,,,2026년 3월 9일 오전 8:08,2026년 3월 20일 오후 12:13,42,,,,,"ADMINISTRATIVE WORK, BRANDING, CUSTOMER SERVICE, FINANCE, MARKETING"
@2026년 3월 16일 온라인 창구 정비,온라인 창구 정비,메모,텍스트,cowork,2026년 3월 16일,No,,,,2026년 3월 16일 오후 1:39,2026년 3월 20일 오전 11:41,58,,,온라인 창구 정비,@2026년 3월 12일 온라인 창구 정비 (https://www.notion.so/31e5f5025041807aa91fd912b1a08ec3?pvs=21),"BRANDING, MARKETING"
@2026년 3월 12일 온라인 창구 정비,온라인 창구 정비,메모,텍스트,cowork,2026년 3월 9일 → 2026년 3월 12일,No,,,,2026년 3월 9일 오후 1:23,2026년 3월 16일 오후 2:41,49,@2026년 3월 16일 온라인 창구 정비 (https://www.notion.so/3255f502504180b7baf6c0b7bb9bb2fb?pvs=21),온라인 창구 정비,,,"BRANDING, MARKETING"
@2026년 3월 11일 → 2026년 3월 12일 회의 준비,회의록,메모,텍스트,cowork,2026년 3월 4일 → 2026년 3월 10일,No,,,,2026년 3월 11일 오전 10:38,2026년 3월 11일 오후 12:03,56,,,회의록,20260311_유동환_회의준비 (https://www.notion.so/3205f502504180cba954c9a32a28c041?pvs=21),"ADMINISTRATIVE WORK, BRANDING, CUSTOMER SERVICE, FINANCE, MARKETING"
2026 연희 요가 week,2026 연희 요가 week,메모,텍스트,cowork,,No,,,,2026년 3월 10일 오전 11:18,2026년 3월 11일 오전 11:56,51,,,,,"ADMINISTRATIVE WORK, BRANDING, MARKETING"
20260311_유동환_회의준비,회의록,정보,스크랩,cowork,2026년 3월 4일 → 2026년 3월 10일,No,,20260311_%EC%9C%A0%EB%8F%99%ED%99%98_%ED%9A%8C%EC%9D%98%EC%A4%80%EB%B9%84.pdf,,2026년 3월 11일 오전 10:14,2026년 3월 11일 오전 11:14,55,@2026년 3월 11일 → 2026년 3월 12일 회의 준비 (https://www.notion.so/3205f502504180f5a836e9cb6dbbbadc?pvs=21),회의록,회의록,@2026년 3월 2일 회의 (https://www.notion.so/3175f5025041801397b5c3b95d348323?pvs=21),"BRANDING, MARKETING"
연희 요가 축제_유동환 인터뷰,2026 연희 요가 week,정보,스크랩,cowork,2026년 3월 4일,No,,%EC%97%B0%ED%9D%AC_%EC%9A%94%EA%B0%80_%EC%B6%95%EC%A0%9C_%EC%9C%A0%EB%8F%99%ED%99%98_%EC%9D%B8%ED%84%B0%EB%B7%B0.pdf,,2026년 3월 11일 오전 9:59,2026년 3월 11일 오전 10:08,54,,,,,ADMINISTRATIVE WORK
2월_연희요가위크_요가명상원,2026 연희 요가 week,정보,스크랩,cowork,2026년 2월 12일,No,,2%EC%9B%94_%EC%97%B0%ED%9D%AC%EC%9A%94%EA%B0%80%EC%9C%84%ED%81%AC_%EC%9A%94%EA%B0%80%EB%AA%85%EC%83%81%EC%9B%90.pdf,,2026년 3월 10일 오전 11:40,2026년 3월 10일 오전 11:50,52,,,,,ADMINISTRATIVE WORK
2023-25 현금흐름 기록,2023-25 현금흐름 기록,메모,텍스트,cowork,,No,,,,2026년 3월 9일 오후 1:40,2026년 3월 9일 오후 1:47,50,,,,,FINANCE
@2026년 2월 19일 회의,회의록,메모,텍스트,cowork,2026년 2월 19일 오후 1:00 (GMT+9) → 오후 2:50,No,,,,2026년 2월 27일 오후 9:16,2026년 3월 9일 오후 1:45,17,,,,,"ADMINISTRATIVE WORK, BRANDING, FINANCE"
2026학년도 UOS 창업동아리 참가 신청서 양식,2026학년도 서울시립대학교 창업동아리,메모,텍스트,cowork,2026년 3월 9일,No,,,,2026년 3월 9일 오전 9:00,2026년 3월 9일 오전 9:23,48,,,2026학년도 서울시립대학교 창업동아리,2026학년도 UOS 창업동아리 참가 신청서 (https://www.notion.so/31d5f5025041800fb2c2ee52170d84aa?pvs=21),ADMINISTRATIVE WORK
2026학년도 UOS 창업동아리 운영 계획(안),2026학년도 서울시립대학교 창업동아리,정보,스크랩,cowork,2026년 3월 4일,No,https://www.uos.ac.kr/korColumn/view.do?list_id=FA35&seq=906&sort=2&pageIndex=1&searchCnd=&searchWrd=&viewAuth=Y&lpageCount=10&menuid=2000005009005000000,2026%ED%95%99%EB%85%84%EB%8F%84_UOS_%EC%B0%BD%EC%97%85%EB%8F%99%EC%95%84%EB%A6%AC_%EC%9A%B4%EC%98%81_%EA%B3%84%ED%9A%8D(%EC%95%88).pdf,,2026년 3월 9일 오전 8:56,2026년 3월 9일 오전 9:00,46,,,2026학년도 서울시립대학교 창업동아리,2026 UOS 창업동아리 모집 (https://www.notion.so/31d5f502504180a4bc75fd5110d02032?pvs=21),ADMINISTRATIVE WORK
2026 UOS 창업동아리 모집,2026학년도 서울시립대학교 창업동아리,정보,스크랩,cowork,2026년 3월 4일,No,https://www.uos.ac.kr/korColumn/view.do?list_id=FA35&seq=906&sort=2&pageIndex=1&searchCnd=&searchWrd=&viewAuth=Y&lpageCount=10&menuid=2000005009005000000,Screenshot_2026-03-09_at_08.54.05.pdf,,2026년 3월 9일 오전 8:53,2026년 3월 9일 오전 9:00,45,"2026학년도 UOS 창업동아리 운영 계획(안) (https://www.notion.so/31d5f502504180ddb136ee71b90d887b?pvs=21), 2026학년도 UOS 창업동아리 참가 신청서 (https://www.notion.so/31d5f5025041800fb2c2ee52170d84aa?pvs=21)","2026학년도 서울시립대학교 창업동아리,2026학년도 서울시립대학교 창업동아리",,,ADMINISTRATIVE WORK
2026학년도 UOS 창업동아리 참가 신청서,2026학년도 서울시립대학교 창업동아리,정보,문서,cowork,2026년 3월 4일,No,https://www.uos.ac.kr/korColumn/view.do?list_id=FA35&seq=906&sort=2&pageIndex=1&searchCnd=&searchWrd=&viewAuth=Y&lpageCount=10&menuid=2000005009005000000,2026%ED%95%99%EB%85%84%EB%8F%84_UOS_%EC%B0%BD%EC%97%85%EB%8F%99%EC%95%84%EB%A6%AC_%EC%9A%B4%EC%98%81_%EA%B3%84%ED%9A%8D(%EC%95%88).pdf,,2026년 3월 9일 오전 8:59,2026년 3월 9일 오전 9:00,47,"2026학년도 UOS 창업동아리 참가 신청서 양식 (https://www.notion.so/31e5f50250418045be23f2e144f31283?pvs=21), 2026학년도 UOS 창업동아리 참가 신청서 (빅블루) (https://www.notion.so/3295f502504180a2af6bcb0d5415ce0b?pvs=21)","2026학년도 서울시립대학교 창업동아리,2026학년도 서울시립대학교 창업동아리",2026학년도 서울시립대학교 창업동아리,2026 UOS 창업동아리 모집 (https://www.notion.so/31d5f502504180a4bc75fd5110d02032?pvs=21),ADMINISTRATIVE WORK
2025학년도 서울시립대학교 창업장학금,2025학년도 서울시립대학교 창업장학금,메모,텍스트,cowork,2026년 1월 24일 → 2026년 1월 28일,No,,,,2026년 2월 27일 오후 9:16,2026년 3월 9일 오전 8:50,19,,,,,"ADMINISTRATIVE WORK, FINANCE"
2025학년도 서울시립대학교 창업활동,2025학년도 서울시립대학교 창업활동,메모,텍스트,cowork,2026년 1월 24일 → 2026년 1월 30일,No,,,,2026년 2월 27일 오후 9:16,2026년 3월 9일 오전 8:15,36,,,,,"ADMINISTRATIVE WORK, FINANCE"
@2026년 2월 13일 회의,회의록,메모,텍스트,cowork,2026년 2월 13일 오후 2:30 (GMT+9) → 2026년 2월 14일 오전 1:30 (GMT+9),No,,,,2026년 2월 27일 오후 9:16,2026년 3월 3일 오전 11:17,5,,,,,"ADMINISTRATIVE WORK, BRANDING, FINANCE"
@2026년 3월 2일 회의,회의록,메모,텍스트,cowork,2026년 3월 2일 오후 2:30 (GMT+9) → 오후 7:40,No,,,,2026년 3월 2일 오후 2:57,2026년 3월 3일 오전 10:58,41,20260311_유동환_회의준비 (https://www.notion.so/3205f502504180cba954c9a32a28c041?pvs=21),회의록,,,"BRANDING, MARKETING"
@2026년 2월 27일 회의,회의록,메모,텍스트,cowork,2026년 2월 27일 오후 2:00 (GMT+9) → 오후 9:30,No,,,,2026년 2월 27일 오후 9:16,2026년 2월 27일 오후 9:47,4,,,,,"ADMINISTRATIVE WORK, BRANDING, CUSTOMER SERVICE, FINANCE"
PARA 노트 템플릿,SecondBrainOS,정보,데이터,cowork,2026년 2월 23일,No,,SecondBrainOS_System_Access_Kit.pdf,,2026년 2월 27일 오후 9:31,2026년 2월 27일 오후 9:35,40,,,,,BRANDING
빅블루요가 부가가치세 신고서 (@2025년 1월 30일),부가가치세 신고서,정보,스크랩,cowork,2025년 1월 30일,No,,%EB%B9%85%EB%B8%94%EB%A3%A8%EC%9A%94%EA%B0%80_%EB%B6%80%EA%B0%80%EA%B0%80%EC%B9%98%EC%84%B8_%EC%8B%A0%EA%B3%A0%EC%84%9C_(2025%EB%85%84_1%EC%9B%94_30%EC%9D%BC).pdf.pdf,,2026년 2월 27일 오후 9:16,2026년 2월 27일 오후 9:16,39,2025학년도 서울시립대학교 학생창업기업 신청서 및 제반서류 (https://www.notion.so/8b15f502504183179de2819c46ac8bee?pvs=21),2025학년도 서울시립대학교 학생창업기업 지원금 신청 추가 모집,,,"ADMINISTRATIVE WORK, FINANCE"
2025학년도 서울시립대학교 학생창업기업 신청서 및 제반서류,2025학년도 서울시립대학교 학생창업기업 지원금 신청 추가 모집,정보,스크랩,cowork,2026년 1월 30일,No,,2025%ED%95%99%EB%85%84%EB%8F%84_%EC%84%9C%EC%9A%B8%EC%8B%9C%EB%A6%BD%EB%8C%80%ED%95%99%EA%B5%90_%ED%95%99%EC%83%9D%EC%B0%BD%EC%97%85%EA%B8%B0%EC%97%85_%EC%8B%A0%EC%B2%AD%EC%84%9C_%EB%B0%8F_%EC%A0%9C%EB%B0%98%EC%84%9C%EB%A5%98.pdf,,2026년 2월 27일 오후 9:16,2026년 2월 27일 오후 9:16,38,,,"2025학년도 서울시립대학교 창업장학금,2025학년도 서울시립대학교 학생창업기업 지원금 신청 추가 모집,2025학년도 서울시립대학교 창업장학금,2025학년도 서울시립대학교 창업장학금,사업자등록증,부가가치세 신고서,부가가치세 신고서","유동환 재적증명서 (@2026년 1월 27일) (https://www.notion.so/65e5f50250418285bd968192240d8fc5?pvs=21), 1. 학생창업기업 신청서_ 활동지원금 신청서_ 개인정보활용동의서 (https://www.notion.so/41c5f50250418228906e81c9d65425d8?pvs=21), 유동환 휴학증명서 (@2026년 1월 27일) (https://www.notion.so/18b5f502504183edabf401fe972edd71?pvs=21), 유동환 복학예정증명서 (@2026년 1월 27일) (https://www.notion.so/1f25f50250418258a92d81b55b4ad4d3?pvs=21), 빅블루요가 사업자등록증 (https://www.notion.so/d3e5f50250418207b9750187cdf4a60e?pvs=21), 빅블루요가 부가가치세 신고서 (@2026년 1월 27일) (https://www.notion.so/9045f502504182f08e3901bbe4d003d8?pvs=21), 빅블루요가 부가가치세 신고서 (@2025년 1월 30일) (https://www.notion.so/2a05f502504182e7908a817d6430a86a?pvs=21)",ADMINISTRATIVE WORK
2025학년도 서울시립대학교 학생창업기업 지원금 신청서,2025학년도 서울시립대학교 학생창업기업 지원금 신청 추가 모집,정보,문서,cowork,2026년 1월 30일,No,,2025%ED%95%99%EB%85%84%EB%8F%84_%EC%84%9C%EC%9A%B8%EC%8B%9C%EB%A6%BD%EB%8C%80%ED%95%99%EA%B5%90_%ED%95%99%EC%83%9D%EC%B0%BD%EC%97%85%EA%B8%B0%EC%97%85_%EC%A7%80%EC%9B%90%EA%B8%88_%EC%8B%A0%EC%B2%AD%EC%84%9C.hwp,,2026년 2월 27일 오후 9:16,2026년 2월 27일 오후 9:16,37,,,2025학년도 서울시립대학교 학생창업기업 지원금 신청 추가 모집,1. 학생창업기업 신청서_ 활동지원금 신청서_ 개인정보활용동의서 (https://www.notion.so/41c5f50250418228906e81c9d65425d8?pvs=21),ADMINISTRATIVE WORK
@2026년 1월 30일 회의,회의록,메모,텍스트,cowork,2026년 1월 30일 오후 1:15 (GMT+9) → 오후 11:15,No,,,,2026년 2월 27일 오후 9:16,2026년 2월 27일 오후 9:16,34,,,,,"ADMINISTRATIVE WORK, FINANCE"
@2026년 2월 3일 회의,회의록,메모,텍스트,cowork,2026년 2월 3일 오후 3:10 (GMT+9) → 오후 5:15,No,,,,2026년 2월 27일 오후 9:16,2026년 2월 27일 오후 9:16,32,,,,,"BRANDING, CUSTOMER SERVICE"
[빅블루 요가] Notion 워크스페이스에 오신 것을 환영합니다.,zettel-kasten: [빅블루 요가] Notion 워크스페이스 작동 방식,메모,텍스트,cowork,2025년 7월 13일,No,,,,2026년 2월 27일 오후 9:16,2026년 2월 27일 오후 9:16,30,,,,,
@2026년 1월 29일 회의 리마인더,,리마인더,,cowork,2026년 1월 29일 오후 9:00 (GMT+9) → 오후 11:00,No,,,,2026년 2월 27일 오후 9:16,2026년 2월 27일 오후 9:16,31,,,,,
@2026년 2월 9일 회의,회의록,메모,텍스트,cowork,2026년 2월 9일 오후 4:00 (GMT+9) → 오후 6:00,No,,,,2026년 2월 27일 오후 9:16,2026년 2월 27일 오후 9:16,18,,,,,"CUSTOMER SERVICE, FINANCE"
[지원] 25학년도 학생창업기업발굴 및 지원금 신청 안내 (기한연장 : ~26.01.04.),2025학년도 서울시립대학교 학생창업기업 지원금 신청 추가 모집,정보,스크랩,cowork,2025년 12월 16일,No,https://www.uos.ac.kr/korColumn/view.do?list_id=FA35&seq=894&sort=8&pageIndex=1&searchCnd=&searchWrd=&viewAuth=Y&lpageCount=10&menuid=2000005009005000000,Screenshot_2026-01-30_at_14.20.27.pdf,,2026년 2월 27일 오후 9:16,2026년 2월 27일 오후 9:16,27,"1. 학생창업기업 신청서_ 활동지원금 신청서_ 개인정보활용동의서 (https://www.notion.so/41c5f50250418228906e81c9d65425d8?pvs=21), 2. 학생창업기업 활동지원금 안내문 (https://www.notion.so/e665f50250418363b4a7013315d5b191?pvs=21)","2025학년도 서울시립대학교 학생창업기업 지원금 신청 추가 모집,2025학년도 서울시립대학교 학생창업기업 지원금 신청 추가 모집",,,ADMINISTRATIVE WORK
2. 학생창업기업 활동지원금 안내문,2025학년도 서울시립대학교 학생창업기업 지원금 신청 추가 모집,정보,문서,cowork,2025년 12월 16일,No,https://www.uos.ac.kr/korColumn/view.do?list_id=FA35&seq=894&sort=8&pageIndex=1&searchCnd=&searchWrd=&viewAuth=Y&lpageCount=10&menuid=2000005009005000000,2._%ED%95%99%EC%83%9D%EC%B0%BD%EC%97%85%EA%B8%B0%EC%97%85_%ED%99%9C%EB%8F%99%EC%A7%80%EC%9B%90%EA%B8%88_%EC%95%88%EB%82%B4%EB%AC%B8.hwp,,2026년 2월 27일 오후 9:16,2026년 2월 27일 오후 9:16,26,,,2025학년도 서울시립대학교 학생창업기업 지원금 신청 추가 모집,[지원] 25학년도 학생창업기업발굴 및 지원금 신청 안내 (기한연장 : ~26.01.04.) (https://www.notion.so/90a5f502504183b0ad42010618f19c6c?pvs=21),ADMINISTRATIVE WORK
유동환 하나은행 사업자통장,통장사본,정보,사진,cowork,,No,,%EC%9C%A0%EB%8F%99%ED%99%98_%ED%95%98%EB%82%98%EC%9D%80%ED%96%89_%EC%82%AC%EC%97%85%EC%9E%90%ED%86%B5%EC%9E%A5.jpg,,2026년 2월 27일 오후 9:16,2026년 2월 27일 오후 9:16,16,,,,,ADMINISTRATIVE WORK
유동환 하나은행 개인통장,통장사본,정보,사진,cowork,,No,,%EC%9C%A0%EB%8F%99%ED%99%98_%ED%95%98%EB%82%98%EC%9D%80%ED%96%89_%EA%B0%9C%EC%9D%B8%ED%86%B5%EC%9E%A5.jpg,,2026년 2월 27일 오후 9:16,2026년 2월 27일 오후 9:16,15,,,,,ADMINISTRATIVE WORK
유동환 창업장학금 신청 증빙서류,2023학년도 서울시립대학교 창업장학금,정보,스크랩,cowork,2026년 1월 27일,No,,%EC%9C%A0%EB%8F%99%ED%99%98_%EC%B0%BD%EC%97%85%EC%9E%A5%ED%95%99%EA%B8%88_%EC%8B%A0%EC%B2%AD_%EC%A6%9D%EB%B9%99%EC%84%9C%EB%A5%98.pdf,,2026년 2월 27일 오후 9:16,2026년 2월 27일 오후 9:16,14,유동환 창업장학금 신청서 (https://www.notion.so/6eb5f502504182c1aac0017c29f7e7b5?pvs=21),2025학년도 서울시립대학교 창업장학금,"부가가치세 신고서,사업자등록증,2025학년도 서울시립대학교 창업장학금,2025학년도 서울시립대학교 창업장학금,2025학년도 서울시립대학교 창업장학금,2025학년도 서울시립대학교 창업장학금","빅블루요가 부가가치세 신고서 (@2026년 1월 27일) (https://www.notion.so/9045f502504182f08e3901bbe4d003d8?pvs=21), 빅블루요가 사업자등록증 (https://www.notion.so/d3e5f50250418207b9750187cdf4a60e?pvs=21), 유동환 휴학증명서 (@2026년 1월 27일) (https://www.notion.so/18b5f502504183edabf401fe972edd71?pvs=21), 유동환 재적증명서 (@2026년 1월 27일) (https://www.notion.so/65e5f50250418285bd968192240d8fc5?pvs=21), 유동환 성적증명서 (@2026년 1월 27일) (https://www.notion.so/a9a5f50250418327af12815856507822?pvs=21), 유동환 복학예정증명서 (@2026년 1월 27일) (https://www.notion.so/1f25f50250418258a92d81b55b4ad4d3?pvs=21)",ADMINISTRATIVE WORK
유동환 재적증명서 (@2026년 1월 27일),2025학년도 서울시립대학교 창업장학금,정보,스크랩,cowork,2026년 1월 27일,No,,%EC%9C%A0%EB%8F%99%ED%99%98_%EC%9E%AC%EC%A0%81%EC%A6%9D%EB%AA%85%EC%84%9C_(2026%EB%85%84_1%EC%9B%94_27%EC%9D%BC).pdf,,2026년 2월 27일 오후 9:16,2026년 2월 27일 오후 9:16,25,"유동환 창업장학금 신청 증빙서류 (https://www.notion.so/5725f5025041839b807c019be4003ca1?pvs=21), 2025학년도 서울시립대학교 학생창업기업 신청서 및 제반서류 (https://www.notion.so/8b15f502504183179de2819c46ac8bee?pvs=21)","2023학년도 서울시립대학교 창업장학금,2025학년도 서울시립대학교 학생창업기업 지원금 신청 추가 모집",,,ADMINISTRATIVE WORK
유동환 창업장학금 신청서,2025학년도 서울시립대학교 창업장학금,정보,스크랩,cowork,2026년 1월 27일 → 2026년 1월 28일,No,,%EC%9C%A0%EB%8F%99%ED%99%98_%EC%B0%BD%EC%97%85%EC%9E%A5%ED%95%99%EA%B8%88_%EC%8B%A0%EC%B2%AD%EC%84%9C.pdf,,2026년 2월 27일 오후 9:16,2026년 2월 27일 오후 9:16,13,,,"2023학년도 서울시립대학교 창업장학금,2025학년도 서울시립대학교 창업장학금","유동환 창업장학금 신청 증빙서류 (https://www.notion.so/5725f5025041839b807c019be4003ca1?pvs=21), 유동환 창업장학금 신청서 초안 (https://www.notion.so/b5f5f50250418373a9b881aaba404d2e?pvs=21)",ADMINISTRATIVE WORK
유동환 창업장학금 신청서 초안,2025학년도 서울시립대학교 창업장학금,정보,문서,cowork,2026년 1월 27일,No,,%EC%9C%A0%EB%8F%99%ED%99%98_%EC%B0%BD%EC%97%85%EC%9E%A5%ED%95%99%EA%B8%88_%EC%8B%A0%EC%B2%AD%EC%84%9C.hwp,,2026년 2월 27일 오후 9:16,2026년 2월 27일 오후 9:16,12,유동환 창업장학금 신청서 (https://www.notion.so/6eb5f502504182c1aac0017c29f7e7b5?pvs=21),2025학년도 서울시립대학교 창업장학금,2025학년도 서울시립대학교 창업장학금,붙임1. 창업장학금 신청서 (https://www.notion.so/3835f502504183968d0801cbed856ce9?pvs=21),ADMINISTRATIVE WORK
1. 학생창업기업 신청서_ 활동지원금 신청서_ 개인정보활용동의서,2025학년도 서울시립대학교 학생창업기업 지원금 신청 추가 모집,정보,문서,cowork,2025년 12월 16일,No,https://www.uos.ac.kr/korColumn/view.do?list_id=FA35&seq=894&sort=8&pageIndex=1&searchCnd=&searchWrd=&viewAuth=Y&lpageCount=10&menuid=2000005009005000000,1._%ED%95%99%EC%83%9D%EC%B0%BD%EC%97%85%EA%B8%B0%EC%97%85_%EC%8B%A0%EC%B2%AD%EC%84%9C__%ED%99%9C%EB%8F%99%EC%A7%80%EC%9B%90%EA%B8%88_%EC%8B%A0%EC%B2%AD%EC%84%9C__%EA%B0%9C%EC%9D%B8%EC%A0%95%EB%B3%B4%ED%99%9C%EC%9A%A9%EB%8F%99%EC%9D%98%EC%84%9C.hwp,,2026년 2월 27일 오후 9:16,2026년 2월 27일 오후 9:16,24,"2025학년도 서울시립대학교 학생창업기업 신청서 및 제반서류 (https://www.notion.so/8b15f502504183179de2819c46ac8bee?pvs=21), 2025학년도 서울시립대학교 학생창업기업 지원금 신청서 (https://www.notion.so/b3d5f502504183c38f1401fe064f6389?pvs=21)","2025학년도 서울시립대학교 학생창업기업 지원금 신청 추가 모집,2025학년도 서울시립대학교 학생창업기업 지원금 신청 추가 모집",2025학년도 서울시립대학교 학생창업기업 지원금 신청 추가 모집,[지원] 25학년도 학생창업기업발굴 및 지원금 신청 안내 (기한연장 : ~26.01.04.) (https://www.notion.so/90a5f502504183b0ad42010618f19c6c?pvs=21),ADMINISTRATIVE WORK
유동환 휴학증명서 (@2026년 1월 27일),2025학년도 서울시립대학교 창업장학금,정보,스크랩,cowork,2026년 1월 27일,No,,%EC%9C%A0%EB%8F%99%ED%99%98_%ED%9C%B4%ED%95%99%EC%A6%9D%EB%AA%85%EC%84%9C_(2026%EB%85%84_1%EC%9B%94_27%EC%9D%BC).pdf,,2026년 2월 27일 오후 9:16,2026년 2월 27일 오후 9:16,23,"유동환 창업장학금 신청 증빙서류 (https://www.notion.so/5725f5025041839b807c019be4003ca1?pvs=21), 2025학년도 서울시립대학교 학생창업기업 신청서 및 제반서류 (https://www.notion.so/8b15f502504183179de2819c46ac8bee?pvs=21)","2023학년도 서울시립대학교 창업장학금,2025학년도 서울시립대학교 학생창업기업 지원금 신청 추가 모집",,,ADMINISTRATIVE WORK
유동환 복학예정증명서 (@2026년 1월 27일),2025학년도 서울시립대학교 창업장학금,정보,스크랩,cowork,2026년 1월 27일,No,,%EC%9C%A0%EB%8F%99%ED%99%98_%EB%B3%B5%ED%95%99%EC%98%88%EC%A0%95%EC%A6%9D%EB%AA%85%EC%84%9C_(2026%EB%85%84_1%EC%9B%94_27%EC%9D%BC).pdf,,2026년 2월 27일 오후 9:16,2026년 2월 27일 오후 9:16,22,"유동환 창업장학금 신청 증빙서류 (https://www.notion.so/5725f5025041839b807c019be4003ca1?pvs=21), 2025학년도 서울시립대학교 학생창업기업 신청서 및 제반서류 (https://www.notion.so/8b15f502504183179de2819c46ac8bee?pvs=21)","2023학년도 서울시립대학교 창업장학금,2025학년도 서울시립대학교 학생창업기업 지원금 신청 추가 모집",,,ADMINISTRATIVE WORK
@2026년 1월 27일 회의 리마인더,,리마인더,,cowork,2026년 1월 27일 오후 1:30 (GMT+9) → 오후 3:00,No,,,,2026년 2월 27일 오후 9:16,2026년 2월 27일 오후 9:16,11,,,,,
[모집] 25학년도 창업장학금 모집 공고,2025학년도 서울시립대학교 창업장학금,정보,스크랩,cowork,2026년 1월 15일,No,https://www.uos.ac.kr/korColumn/view.do?list_id=FA35&seq=899&sort=3&pageIndex=1&searchCnd=&searchWrd=&viewAuth=Y&lpageCount=10&menuid=2000005009005000000,Screenshot_2026-01-25_at_18.31.10.pdf,,2026년 2월 27일 오후 9:16,2026년 2월 27일 오후 9:16,10,"붙임1. 창업장학금 신청서 (https://www.notion.so/3835f502504183968d0801cbed856ce9?pvs=21), 붙임2. 서류 제출 순서 안내 (https://www.notion.so/4c15f5025041827aa48e81e4fca4d417?pvs=21), 붙임3. 개인정보 제공 및 활용 동의서 (https://www.notion.so/bca5f50250418254b011814761eaa743?pvs=21)","2025학년도 서울시립대학교 창업장학금,2025학년도 서울시립대학교 창업장학금,2025학년도 서울시립대학교 창업장학금",,,ADMINISTRATIVE WORK
2025학년도 서울시립대학교 학생창업기업 지원금 신청 추가 모집,2025학년도 서울시립대학교 학생창업기업 지원금 신청 추가 모집,메모,텍스트,cowork,2026년 1월 29일 → 2026년 2월 5일,No,,,,2026년 2월 27일 오후 9:16,2026년 2월 27일 오후 9:16,29,,,,,"ADMINISTRATIVE WORK, FINANCE"
유동환 성적증명서 (@2026년 1월 27일),2025학년도 서울시립대학교 창업장학금,정보,스크랩,cowork,2026년 1월 27일,No,,%EC%9C%A0%EB%8F%99%ED%99%98_%EC%84%B1%EC%A0%81%EC%A6%9D%EB%AA%85%EC%84%9C_(2026%EB%85%84_1%EC%9B%94_27%EC%9D%BC).pdf,,2026년 2월 27일 오후 9:16,2026년 2월 27일 오후 9:16,9,유동환 창업장학금 신청 증빙서류 (https://www.notion.so/5725f5025041839b807c019be4003ca1?pvs=21),2023학년도 서울시립대학교 창업장학금,,,ADMINISTRATIVE WORK
유동환 개인정보 제공 및 활용 동의서,2025학년도 서울시립대학교 창업장학금,정보,스크랩,cowork,2026년 1월 27일,No,,%EC%9C%A0%EB%8F%99%ED%99%98_%EA%B0%9C%EC%9D%B8%EC%A0%95%EB%B3%B4_%EC%A0%9C%EA%B3%B5_%EB%B0%8F_%ED%99%9C%EC%9A%A9_%EB%8F%99%EC%9D%98%EC%84%9C.pdf,,2026년 2월 27일 오후 9:16,2026년 2월 27일 오후 9:16,8,,,2025학년도 서울시립대학교 창업장학금,붙임3. 개인정보 제공 및 활용 동의서 (https://www.notion.so/bca5f50250418254b011814761eaa743?pvs=21),ADMINISTRATIVE WORK
붙임1. 창업장학금 신청서,2025학년도 서울시립대학교 창업장학금,정보,문서,cowork,2026년 1월 15일,No,https://www.uos.ac.kr/korColumn/view.do?list_id=FA35&seq=899&sort=3&pageIndex=1&searchCnd=&searchWrd=&viewAuth=Y&lpageCount=10&menuid=2000005009005000000,%EB%B6%99%EC%9E%841._%EC%B0%BD%EC%97%85%EC%9E%A5%ED%95%99%EA%B8%88_%EC%8B%A0%EC%B2%AD%EC%84%9C.hwp,,2026년 2월 27일 오후 9:16,2026년 2월 27일 오후 9:16,3,유동환 창업장학금 신청서 초안 (https://www.notion.so/b5f5f50250418373a9b881aaba404d2e?pvs=21),2025학년도 서울시립대학교 창업장학금,2025학년도 서울시립대학교 창업장학금,[모집] 25학년도 창업장학금 모집 공고 (https://www.notion.so/0335f5025041838393a4018e53c66eaa?pvs=21),ADMINISTRATIVE WORK
유동환 운전면허증,신분증,정보,사진,cowork,,No,,%EC%9C%A0%EB%8F%99%ED%99%98_%EC%9A%B4%EC%A0%84%EB%A9%B4%ED%97%88%EC%A6%9D.jpg,,2026년 2월 27일 오후 9:16,2026년 2월 27일 오후 9:16,7,,,,,ADMINISTRATIVE WORK
빅블루요가 부가가치세 신고서 (@2026년 1월 27일),부가가치세 신고서,정보,스크랩,cowork,2026년 1월 27일,No,,%EB%B9%85%EB%B8%94%EB%A3%A8_%EC%9A%94%EA%B0%80_%EB%B6%80%EA%B0%80%EA%B0%80%EC%B9%98%EC%84%B8_%EC%8B%A0%EA%B3%A0%EC%84%9C_(2024%EB%85%84_1%EC%9B%94_15%EC%9D%BC).pdf,,2026년 2월 27일 오후 9:16,2026년 2월 27일 오후 9:16,20,"유동환 창업장학금 신청 증빙서류 (https://www.notion.so/5725f5025041839b807c019be4003ca1?pvs=21), 2025학년도 서울시립대학교 학생창업기업 신청서 및 제반서류 (https://www.notion.so/8b15f502504183179de2819c46ac8bee?pvs=21)","2023학년도 서울시립대학교 창업장학금,2025학년도 서울시립대학교 학생창업기업 지원금 신청 추가 모집",,,"ADMINISTRATIVE WORK, FINANCE"
붙임2. 서류 제출 순서 안내,2025학년도 서울시립대학교 창업장학금,정보,문서,cowork,2026년 1월 15일,No,https://www.uos.ac.kr/korColumn/view.do?list_id=FA35&seq=899&sort=3&pageIndex=1&searchCnd=&searchWrd=&viewAuth=Y&lpageCount=10&menuid=2000005009005000000,%EB%B6%99%EC%9E%842._%EC%84%9C%EB%A5%98_%EC%A0%9C%EC%B6%9C_%EC%88%9C%EC%84%9C_%EC%95%88%EB%82%B4.hwp,,2026년 2월 27일 오후 9:16,2026년 2월 27일 오후 9:16,2,,,2025학년도 서울시립대학교 창업장학금,[모집] 25학년도 창업장학금 모집 공고 (https://www.notion.so/0335f5025041838393a4018e53c66eaa?pvs=21),ADMINISTRATIVE WORK
붙임3. 개인정보 제공 및 활용 동의서,2025학년도 서울시립대학교 창업장학금,정보,문서,cowork,2026년 1월 15일,No,https://www.uos.ac.kr/korColumn/view.do?list_id=FA35&seq=899&sort=3&pageIndex=1&searchCnd=&searchWrd=&viewAuth=Y&lpageCount=10&menuid=2000005009005000000,%EB%B6%99%EC%9E%843._%EA%B0%9C%EC%9D%B8%EC%A0%95%EB%B3%B4_%EC%A0%9C%EA%B3%B5_%EB%B0%8F_%ED%99%9C%EC%9A%A9_%EB%8F%99%EC%9D%98%EC%84%9C.hwp,,2026년 2월 27일 오후 9:16,2026년 2월 27일 오후 9:16,1,유동환 개인정보 제공 및 활용 동의서 (https://www.notion.so/5525f502504183cf8a4301189b6b0ee9?pvs=21),2025학년도 서울시립대학교 창업장학금,2025학년도 서울시립대학교 창업장학금,[모집] 25학년도 창업장학금 모집 공고 (https://www.notion.so/0335f5025041838393a4018e53c66eaa?pvs=21),ADMINISTRATIVE WORK
