이름,URL,대상,생성 일시,생성자,소유자,스냅샷 기준일,스크랩,업로드 후 수정된 날짜,업로드된 날짜,정보 유형,채널,체크박스,최종 편집 일시,최종 편집자
"섬세한 자세 교정, 이론 설명까지 좋은 수업",https://www.obud.co/place/bigblue-yoga?tab=review,빅블루 요가,2026년 4월 17일 오후 8:12,BASOON,d****,2026년 4월 17일 오후 8:22 (GMT+9),%EC%98%A4%EB%B6%93_20250713.pdf,,2025년 7월 13일,리뷰,오붓,No,2026년 5월 7일 오후 5:02,BASOON
차분한 분위기에서 호흡하며 몸을 푸는 요가,https://www.obud.co/place/bigblue-yoga?tab=review,빅블루 요가,2026년 4월 17일 오후 8:37,BASOON,s******,2026년 4월 17일 오후 8:22 (GMT+9),%EC%98%A4%EB%B6%93_20250822.pdf,,2025년 8월 22일,리뷰,오붓,No,2026년 5월 7일 오후 5:03,BASOON
추석연휴 요가 후 어깨가 개운했다,https://www.obud.co/place/bigblue-yoga?tab=review,빅블루 요가,2026년 4월 17일 오후 8:37,BASOON,l**********,2026년 4월 17일 오후 8:22 (GMT+9),%EC%98%A4%EB%B6%93_20251012.pdf,,2025년 10월 12일,리뷰,오붓,No,2026년 5월 7일 오후 5:04,BASOON
"무리 없는 동작, 친절한 요가 수업",https://www.obud.co/place/bigblue-yoga?tab=review,빅블루 요가,2026년 4월 17일 오후 8:37,BASOON,k************,2026년 4월 17일 오후 8:22 (GMT+9),%EC%98%A4%EB%B6%93_20251019.pdf,,2025년 10월 19일,리뷰,오붓,No,2026년 5월 7일 오후 5:04,BASOON
체형 교정에 집중한 자세한 요가 수련,https://www.obud.co/place/bigblue-yoga?tab=review,빅블루 요가,2026년 4월 17일 오후 8:37,BASOON,d**************,2026년 4월 17일 오후 8:22 (GMT+9),%EC%98%A4%EB%B6%93_20251031.pdf,,2025년 10월 31일,리뷰,오붓,No,2026년 5월 7일 오후 5:04,BASOON
열정 강사 덕에 끝까지 버틴 알찬 요가,https://www.obud.co/place/bigblue-yoga?tab=review,빅블루 요가,2026년 4월 17일 오후 8:37,BASOON,v*******,2026년 4월 17일 오후 8:22 (GMT+9),%EC%98%A4%EB%B6%93_20251106.pdf,,2025년 11월 6일,리뷰,오붓,No,2026년 5월 7일 오후 5:05,BASOON
소수정예로 자세 봐주는 오전 요가 수업,https://www.obud.co/place/bigblue-yoga?tab=review,빅블루 요가,2026년 4월 17일 오후 8:37,BASOON,b*********,2026년 4월 17일 오후 8:22 (GMT+9),%EC%98%A4%EB%B6%93_20251127.pdf,,2025년 11월 27일,리뷰,오붓,No,2026년 5월 7일 오후 5:05,BASOON
핸즈온으로 불균형 잡는 독창적 요가,https://www.obud.co/place/bigblue-yoga?tab=review,빅블루 요가,2026년 4월 17일 오후 8:37,BASOON,k*******,2026년 4월 17일 오후 8:22 (GMT+9),%EC%98%A4%EB%B6%93_20260315.pdf,,2026년 3월 15일,리뷰,오붓,No,2026년 5월 7일 오후 5:05,BASOON
관절 사용까지 세심한 저녁 요가 수업 후기,https://www.obud.co/place/bigblue-yoga?tab=review,빅블루 요가,2026년 5월 7일 오후 4:46,BASOON,h************,2026년 5월 7일 오후 4:52 (GMT+9),%EC%98%A4%EB%B6%93_20260505.pdf,,2026년 5월 5일,리뷰,오붓,No,2026년 5월 7일 오후 5:12,리뷰 요약 도우미
디테일한 설명으로 편해진 요가 수업,https://www.obud.co/place/yogaweek-yeonhui?tab=review,빅블루 요가,2026년 5월 7일 오후 5:48,BASOON,g*******,2026년 5월 7일 오후 5:43 (GMT+9),%EC%98%A4%EB%B6%93_20260420.pdf,,2026년 4월 20일,리뷰,오붓,No,2026년 5월 7일 오후 9:44,리뷰 요약 도우미
자세 교정·지압으로 힐링된 호흡 수업,https://www.obud.co/place/yogaweek-yeonhui?tab=review,빅블루 요가,2026년 5월 7일 오후 5:50,BASOON,k******,2026년 5월 7일 오후 5:43 (GMT+9),%EC%98%A4%EB%B6%93_20260421.pdf,,2026년 4월 21일,리뷰,오붓,No,2026년 5월 7일 오후 9:44,리뷰 요약 도우미
"조용한 분위기, 두통 완화된 호흡 요가",https://www.obud.co/place/yogaweek-yeonhui?tab=review,빅블루 요가,2026년 5월 7일 오후 9:24,BASOON,b*********,2026년 5월 7일 오후 5:43 (GMT+9),%EC%98%A4%EB%B6%93_20260422.pdf,,2026년 4월 21일,리뷰,오붓,No,2026년 5월 7일 오후 9:44,리뷰 요약 도우미
"깔끔한 시설, 티칭도 훌륭해 재방문 의사",https://www.obud.co/place/yogaweek-yeonhui?tab=review,빅블루 요가,2026년 5월 7일 오후 9:28,BASOON,m*******,2026년 5월 7일 오후 5:43 (GMT+9),%EC%98%A4%EB%B6%93_20260424_(1).pdf,,2026년 4월 24일,리뷰,오붓,No,2026년 5월 7일 오후 9:44,리뷰 요약 도우미
몸 쓰는 법 안내로 하체가 가벼운 정렬 요가,https://www.obud.co/place/yogaweek-yeonhui?tab=review,빅블루 요가,2026년 5월 7일 오후 9:29,BASOON,c********,2026년 5월 7일 오후 5:43 (GMT+9),%EC%98%A4%EB%B6%93_20260424_(2).pdf,,2026년 4월 24일,리뷰,오붓,No,2026년 5월 7일 오후 9:44,리뷰 요약 도우미
몸 정렬에 집중한 정렬 에센스 수업,https://www.obud.co/place/yogaweek-yeonhui?tab=review,빅블루 요가,2026년 5월 7일 오후 9:30,BASOON,m********,2026년 5월 7일 오후 5:43 (GMT+9),%EC%98%A4%EB%B6%93_20260425.pdf,,2026년 4월 25일,리뷰,오붓,No,2026년 5월 7일 오후 9:44,리뷰 요약 도우미
"연희요가위크 첫 방문, 힘들지만 개운한 수업",https://www.obud.co/place/yogaweek-yeonhui?tab=review,빅블루 요가,2026년 5월 7일 오후 9:31,BASOON,m********,2026년 5월 7일 오후 5:43 (GMT+9),%EC%98%A4%EB%B6%93_20260427.pdf,,2026년 4월 27일,리뷰,오붓,No,2026년 5월 7일 오후 9:44,리뷰 요약 도우미
관절 하나하나 느끼는 바디카빙 첫 수련,https://www.obud.co/place/yogaweek-yeonhui?tab=review,빅블루 요가,2026년 5월 7일 오후 9:32,BASOON,d*******,2026년 5월 7일 오후 5:43 (GMT+9),%EC%98%A4%EB%B6%93_20260501.pdf,,2026년 5월 1일,리뷰,오붓,No,2026년 5월 7일 오후 9:44,리뷰 요약 도우미
"견갑골 집중 정렬 수련, 시원한 깨달음",https://www.obud.co/place/yogaweek-yeonhui?tab=review,빅블루 요가,2026년 5월 7일 오후 9:33,BASOON,c********,2026년 5월 7일 오후 5:43 (GMT+9),%EC%98%A4%EB%B6%93_20260502_(1).pdf,,2026년 5월 2일,리뷰,오붓,No,2026년 5월 7일 오후 9:44,리뷰 요약 도우미
사바사나 후 골반이 편안한 호흡 리커버리,https://www.obud.co/place/yogaweek-yeonhui?tab=review,빅블루 요가,2026년 5월 7일 오후 9:35,BASOON,c********,2026년 5월 7일 오후 5:43 (GMT+9),%EC%98%A4%EB%B6%93_20260502_(2).pdf,,2026년 5월 2일,리뷰,오붓,No,2026년 5월 7일 오후 9:44,리뷰 요약 도우미
"견갑골 집중 인텐시브, 배움 많은 요가위크 수업",https://www.obud.co/place/yogaweek-yeonhui?tab=review,빅블루 요가,2026년 5월 7일 오후 9:36,BASOON,c********,2026년 5월 7일 오후 5:43 (GMT+9),%EC%98%A4%EB%B6%93_20260502_(3).pdf,,2026년 5월 2일,리뷰,오붓,No,2026년 5월 7일 오후 9:44,리뷰 요약 도우미
고관절 정렬 이론+실습 인텐시브,https://www.obud.co/place/yogaweek-yeonhui?tab=review,빅블루 요가,2026년 5월 7일 오후 9:37,BASOON,c********,2026년 5월 7일 오후 5:43 (GMT+9),%EC%98%A4%EB%B6%93_20260503.pdf,,2026년 5월 3일,리뷰,오붓,No,2026년 5월 7일 오후 9:44,리뷰 요약 도우미
후굴 정렬을 세심히 잡아주는 요가 수업,https://www.obud.co/place/yogaweek-yeonhui?tab=review,빅블루 요가,2026년 5월 7일 오후 9:38,BASOON,h*********,2026년 5월 7일 오후 5:43 (GMT+9),%EC%98%A4%EB%B6%93_20260506_(1).pdf,,2026년 5월 6일,리뷰,오붓,No,2026년 5월 7일 오후 9:44,리뷰 요약 도우미
"감성 공간, 등근육 자극 핸즈온 만족",https://www.obud.co/place/yogaweek-yeonhui?tab=review,빅블루 요가,2026년 5월 7일 오후 9:39,BASOON,g********,2026년 5월 7일 오후 5:43 (GMT+9),%EC%98%A4%EB%B6%93_20260506_(2).pdf,,2026년 5월 6일,리뷰,오붓,No,2026년 5월 7일 오후 9:44,리뷰 요약 도우미
"호흡 리커버리, 설명 완벽한 수업",https://www.obud.co/place/yogaweek-yeonhui?tab=review,빅블루 요가,2026년 5월 7일 오후 9:40,BASOON,g******,2026년 5월 7일 오후 5:43 (GMT+9),%EC%98%A4%EB%B6%93_20260506_(3).pdf,,2026년 5월 6일,리뷰,오붓,No,2026년 5월 7일 오후 9:44,리뷰 요약 도우미
호흡·척추 정렬 배우는 만족 수업,https://www.obud.co/place/yogaweek-yeonhui?tab=review,빅블루 요가,2026년 5월 7일 오후 9:42,BASOON,d******,2026년 5월 7일 오후 5:43 (GMT+9),%EC%98%A4%EB%B6%93_20260506_(4).pdf,,2026년 5월 6일,리뷰,오붓,No,2026년 5월 7일 오후 9:44,리뷰 요약 도우미
"후굴 정렬 수업 만족, 금요일도 기대",https://www.obud.co/place/yogaweek-yeonhui?tab=review,빅블루 요가,2026년 5월 7일 오후 9:43,BASOON,d******,2026년 5월 7일 오후 5:43 (GMT+9),%EC%98%A4%EB%B6%93_20260506_(5).pdf,,2026년 5월 6일,리뷰,오붓,No,2026년 5월 7일 오후 9:45,리뷰 요약 도우미
"1일권도 빡센 운동, 원장님 자세한 지도","https://map.naver.com/p/entry/place/1640628058?c=14.70,0,0,0,dh&placePath=/review?additionalHeight=76&from=map&fromPanelNum=1&locale=ko&svcName=map_pcv5&timestamp=202605072149&reviewSort=recent&photoUsed=true&additionalHeight=76",빅블루 요가,2026년 5월 7일 오후 10:44,BASOON,별명51,2026년 5월 7일 오후 9:54 (GMT+9),%EB%84%A4%EC%9D%B4%EB%B2%84_20260418.pdf,,2026년 4월 18일,리뷰,네이버 플레이스,No,2026년 5월 8일 오전 12:36,BASOON
마사지처럼 개운한 맞춤 케어 요가,"https://map.naver.com/p/entry/place/1640628058?c=14.70,0,0,0,dh&placePath=/review?additionalHeight=76&from=map&fromPanelNum=1&locale=ko&svcName=map_pcv5&timestamp=202605072149&reviewSort=recent&photoUsed=true&additionalHeight=76",빅블루 요가,2026년 5월 7일 오후 10:48,BASOON,paul9701,2026년 5월 7일 오후 9:54 (GMT+9),%EB%84%A4%EC%9D%B4%EB%B2%84_20260416_(2).pdf,,2026년 4월 16일,리뷰,네이버 플레이스,No,2026년 5월 8일 오전 12:36,BASOON
시원하고 맞춤 케어 좋은 요가 수업,"https://map.naver.com/p/entry/place/1640628058?c=14.70,0,0,0,dh&placePath=/review?additionalHeight=76&from=map&fromPanelNum=1&locale=ko&svcName=map_pcv5&timestamp=202605072149&reviewSort=recent&photoUsed=true&additionalHeight=76",빅블루 요가,2026년 5월 7일 오후 10:54,BASOON,edj****,2026년 5월 7일 오후 9:54 (GMT+9),%EB%84%A4%EC%9D%B4%EB%B2%84_20260416_(1).pdf,,2026년 4월 16일,리뷰,네이버 플레이스,No,2026년 5월 8일 오전 12:36,BASOON
"원데이 후 개운, 디테일한 자세 교정","https://map.naver.com/p/entry/place/1640628058?c=14.70,0,0,0,dh&placePath=/review?additionalHeight=76&from=map&fromPanelNum=1&locale=ko&svcName=map_pcv5&timestamp=202605072149&reviewSort=recent&photoUsed=true&additionalHeight=76",빅블루 요가,2026년 5월 7일 오후 11:00,BASOON,volarhasta,2026년 5월 7일 오후 9:54 (GMT+9),%EB%84%A4%EC%9D%B4%EB%B2%84_20260415.pdf,,2026년 4월 15일,리뷰,네이버 플레이스,No,2026년 5월 8일 오전 12:36,BASOON
다치지 않는 정렬로 꾸준히 성장한 요가 수련,"https://map.naver.com/p/entry/place/1640628058?c=14.70,0,0,0,dh&placePath=/review?additionalHeight=76&from=map&fromPanelNum=1&locale=ko&svcName=map_pcv5&timestamp=202605072149&reviewSort=recent&photoUsed=true&additionalHeight=76",빅블루 요가,2026년 5월 7일 오후 11:02,BASOON,검9888,2026년 5월 7일 오후 9:54 (GMT+9),%EB%84%A4%EC%9D%B4%EB%B2%84_20260408.pdf,,2026년 4월 8일,리뷰,네이버 플레이스,No,2026년 5월 8일 오전 12:36,BASOON
"3번째 방문, 호흡·자세 꼼꼼 지도","https://map.naver.com/p/entry/place/1640628058?c=14.70,0,0,0,dh&placePath=/review?additionalHeight=76&from=map&fromPanelNum=1&locale=ko&svcName=map_pcv5&timestamp=202605072149&reviewSort=recent&photoUsed=true&additionalHeight=76",빅블루 요가,2026년 5월 7일 오후 11:03,BASOON,jaehwa1209,2026년 5월 7일 오후 9:54 (GMT+9),%EB%84%A4%EC%9D%B4%EB%B2%84_20260316.pdf,,2026년 3월 16일,리뷰,네이버 플레이스,No,2026년 5월 8일 오전 12:36,BASOON
"8번째 방문, 친절하고 꼼꼼한 수업","https://map.naver.com/p/entry/place/1640628058?c=14.70,0,0,0,dh&placePath=/review?additionalHeight=76&from=map&fromPanelNum=1&locale=ko&svcName=map_pcv5&timestamp=202605072149&reviewSort=recent&photoUsed=true&additionalHeight=76",빅블루 요가,2026년 5월 7일 오후 11:03,BASOON,JH6451,2026년 5월 7일 오후 9:54 (GMT+9),%EB%84%A4%EC%9D%B4%EB%B2%84_20260310.pdf,,2026년 3월 10일,리뷰,네이버 플레이스,No,2026년 5월 8일 오전 12:36,BASOON
맞춤 케어로 자세 교정 도움된 요가,"https://map.naver.com/p/entry/place/1640628058?c=14.70,0,0,0,dh&placePath=/review?additionalHeight=76&from=map&fromPanelNum=1&locale=ko&svcName=map_pcv5&timestamp=202605072149&reviewSort=recent&photoUsed=true&additionalHeight=76",빅블루 요가,2026년 5월 7일 오후 11:05,BASOON,ButterPark,2026년 5월 7일 오후 9:54 (GMT+9),%EB%84%A4%EC%9D%B4%EB%B2%84_20260220.pdf,,2026년 2월 20일,리뷰,네이버 플레이스,No,2026년 5월 8일 오전 12:36,BASOON
첫 방문에도 힐링되는 친절한 요가 수업,"https://map.naver.com/p/entry/place/1640628058?c=14.70,0,0,0,dh&placePath=/review?additionalHeight=76&from=map&fromPanelNum=1&locale=ko&svcName=map_pcv5&timestamp=202605072149&reviewSort=recent&photoUsed=true&additionalHeight=76",빅블루 요가,2026년 5월 7일 오후 11:06,BASOON,꾸바로우,2026년 5월 7일 오후 9:54 (GMT+9),%EB%84%A4%EC%9D%B4%EB%B2%84_20251203.pdf,,2025년 12월 3일,리뷰,네이버 플레이스,No,2026년 5월 8일 오전 12:36,BASOON
자세 펴지고 어깨 풀린 체계적 수련(2번째 방문),"https://map.naver.com/p/entry/place/1640628058?c=14.70,0,0,0,dh&placePath=/review?additionalHeight=76&from=map&fromPanelNum=1&locale=ko&svcName=map_pcv5&timestamp=202605072149&reviewSort=recent&photoUsed=true&additionalHeight=76",빅블루 요가,2026년 5월 7일 오후 11:07,BASOON,숨은맛집찾기전문가,2026년 5월 7일 오후 9:54 (GMT+9),%EB%84%A4%EC%9D%B4%EB%B2%84_20251031.pdf,,2025년 10월 31일,리뷰,네이버 플레이스,No,2026년 5월 8일 오전 12:36,BASOON
"허리디스크도 안심, 맞춤 요가 케어","https://map.naver.com/p/entry/place/1640628058?c=14.70,0,0,0,dh&placePath=/review?additionalHeight=76&from=map&fromPanelNum=1&locale=ko&svcName=map_pcv5&timestamp=202605072149&reviewSort=recent&photoUsed=true&additionalHeight=76",빅블루 요가,2026년 5월 7일 오후 11:08,BASOON,jhn****,2026년 5월 7일 오후 9:54 (GMT+9),%EB%84%A4%EC%9D%B4%EB%B2%84_20250730_(3).pdf,,2025년 7월 30일,리뷰,네이버 플레이스,No,2026년 5월 8일 오전 12:36,BASOON
근육 풀리고 집중력도 좋아진 요가,"https://map.naver.com/p/entry/place/1640628058?c=14.70,0,0,0,dh&placePath=/review?additionalHeight=76&from=map&fromPanelNum=1&locale=ko&svcName=map_pcv5&timestamp=202605072149&reviewSort=recent&photoUsed=true&additionalHeight=76",빅블루 요가,2026년 5월 7일 오후 11:08,BASOON,ghhhhhhh1,2026년 5월 7일 오후 9:54 (GMT+9),%EB%84%A4%EC%9D%B4%EB%B2%84_20250730_(2).pdf,,2025년 7월 30일,리뷰,네이버 플레이스,No,2026년 5월 8일 오전 12:36,BASOON
첫 방문에도 꼼꼼히 봐주는 맞춤 요가,"https://map.naver.com/p/entry/place/1640628058?c=14.70,0,0,0,dh&placePath=/review?additionalHeight=76&from=map&fromPanelNum=1&locale=ko&svcName=map_pcv5&timestamp=202605072149&reviewSort=recent&photoUsed=true&additionalHeight=76",빅블루 요가,2026년 5월 7일 오후 11:09,BASOON,고래밥58,2026년 5월 7일 오후 9:54 (GMT+9),%EB%84%A4%EC%9D%B4%EB%B2%84_20250730_(1).pdf,,2025년 7월 30일,리뷰,네이버 플레이스,No,2026년 5월 8일 오전 12:36,BASOON
섬세한 맞춤 정렬로 통증 완화,"https://map.naver.com/p/entry/place/1640628058?c=14.70,0,0,0,dh&placePath=/review?additionalHeight=76&from=map&fromPanelNum=1&locale=ko&svcName=map_pcv5&timestamp=202605072149&reviewSort=recent&photoUsed=true&additionalHeight=76",빅블루 요가,2026년 5월 7일 오후 11:10,BASOON,JH6451,2026년 5월 7일 오후 9:54 (GMT+9),%EB%84%A4%EC%9D%B4%EB%B2%84_20250728.pdf,,2025년 7월 28일,리뷰,네이버 플레이스,No,2026년 5월 8일 오전 12:36,BASOON
1년 수련으로 골반 정렬·통증 완화,"https://map.naver.com/p/entry/place/1640628058?c=14.70,0,0,0,dh&placePath=/review?additionalHeight=76&from=map&fromPanelNum=1&locale=ko&svcName=map_pcv5&timestamp=202605072149&reviewSort=recent&photoUsed=true&additionalHeight=76",빅블루 요가,2026년 5월 7일 오후 11:11,BASOON,envy5555,2026년 5월 7일 오후 9:54 (GMT+9),%EB%84%A4%EC%9D%B4%EB%B2%84_20250727.pdf,,2025년 7월 27일,리뷰,네이버 플레이스,No,2026년 5월 8일 오전 12:36,BASOON
어깨·허리 불편 개선한 맞춤 요가,"https://map.naver.com/p/entry/place/1640628058?c=14.70,0,0,0,dh&placePath=/review?additionalHeight=76&from=map&fromPanelNum=1&locale=ko&svcName=map_pcv5&timestamp=202605072149&reviewSort=recent&photoUsed=true&additionalHeight=76",빅블루 요가,2026년 5월 7일 오후 11:12,BASOON,zzun2zz,2026년 5월 7일 오후 9:54 (GMT+9),%EB%84%A4%EC%9D%B4%EB%B2%84_20250724.pdf,,2025년 7월 24일,리뷰,네이버 플레이스,No,2026년 5월 8일 오전 12:36,BASOON
맞춤 케어로 개운해지는 요가 수련,"https://map.naver.com/p/entry/place/1640628058?c=14.70,0,0,0,dh&placePath=/review?additionalHeight=76&from=map&fromPanelNum=1&locale=ko&svcName=map_pcv5&timestamp=202605072149&reviewSort=recent&photoUsed=true&additionalHeight=76",빅블루 요가,2026년 5월 7일 오후 11:13,BASOON,ones,2026년 5월 7일 오후 9:54 (GMT+9),%EB%84%A4%EC%9D%B4%EB%B2%84_20250405.pdf,,2025년 4월 5일,리뷰,네이버 플레이스,No,2026년 5월 8일 오전 12:36,BASOON
영혼의 사랑방 같은 따뜻한 요가 수련,"https://map.naver.com/p/entry/place/1640628058?c=14.70,0,0,0,dh&placePath=/review?additionalHeight=76&from=map&fromPanelNum=1&locale=ko&svcName=map_pcv5&timestamp=202605072149&reviewSort=recent&photoUsed=true&additionalHeight=76",빅블루 요가,2026년 5월 7일 오후 11:14,BASOON,mintmint,2026년 5월 7일 오후 9:54 (GMT+9),%EB%84%A4%EC%9D%B4%EB%B2%84_20250309.pdf,,2025년 3월 9일,리뷰,네이버 플레이스,No,2026년 5월 8일 오전 12:36,BASOON
"4번째 방문, 맞춤 케어로 몸·마음 가벼워짐","https://map.naver.com/p/entry/place/1640628058?c=14.70,0,0,0,dh&placePath=/review?additionalHeight=76&from=map&fromPanelNum=1&locale=ko&svcName=map_pcv5&timestamp=202605072149&reviewSort=recent&photoUsed=true&additionalHeight=76",빅블루 요가,2026년 5월 7일 오후 11:15,BASOON,eze****,2026년 5월 7일 오후 9:54 (GMT+9),%EB%84%A4%EC%9D%B4%EB%B2%84_20250227.pdf,,2025년 2월 27일,리뷰,네이버 플레이스,No,2026년 5월 8일 오전 12:36,BASOON
몸 긴장 풀리고 유연성 늘어난 요가,"https://map.naver.com/p/entry/place/1640628058?c=14.70,0,0,0,dh&placePath=/review?additionalHeight=76&from=map&fromPanelNum=1&locale=ko&svcName=map_pcv5&timestamp=202605072149&reviewSort=recent&photoUsed=true&additionalHeight=76",빅블루 요가,2026년 5월 7일 오후 11:16,BASOON,mio****,2026년 5월 7일 오후 9:54 (GMT+9),%EB%84%A4%EC%9D%B4%EB%B2%84_20250225.pdf,,2025년 2월 25일,리뷰,네이버 플레이스,No,2026년 5월 8일 오전 12:36,BASOON
"차분한 설명·교정, 2번째 방문 만족","https://map.naver.com/p/entry/place/1640628058?c=14.70,0,0,0,dh&placePath=/review?additionalHeight=76&from=map&fromPanelNum=1&locale=ko&svcName=map_pcv5&timestamp=202605072149&reviewSort=recent&photoUsed=true&additionalHeight=76",빅블루 요가,2026년 5월 7일 오후 11:16,BASOON,jaehwa1209,2026년 5월 7일 오후 9:54 (GMT+9),%EB%84%A4%EC%9D%B4%EB%B2%84_20250224.pdf,,2025년 2월 24일,리뷰,네이버 플레이스,No,2026년 5월 8일 오전 12:36,BASOON
"친절한 맞춤 케어, 자세 꼼꼼한 수업","https://map.naver.com/p/entry/place/1640628058?c=14.70,0,0,0,dh&placePath=/review?additionalHeight=76&from=map&fromPanelNum=1&locale=ko&svcName=map_pcv5&timestamp=202605072149&reviewSort=recent&photoUsed=true&additionalHeight=76",빅블루 요가,2026년 5월 7일 오후 11:17,BASOON,Miela51,2026년 5월 7일 오후 9:54 (GMT+9),%EB%84%A4%EC%9D%B4%EB%B2%84_20250218.pdf,,2025년 2월 18일,리뷰,네이버 플레이스,No,2026년 5월 8일 오전 12:36,BASOON
"친절한 맞춤 자세교정, 건강해져요","https://map.naver.com/p/entry/place/1640628058?c=14.70,0,0,0,dh&placePath=/review?additionalHeight=76&from=map&fromPanelNum=1&locale=ko&svcName=map_pcv5&timestamp=202605072149&reviewSort=recent&photoUsed=true&additionalHeight=76",빅블루 요가,2026년 5월 7일 오후 11:18,BASOON,아웅주희,2026년 5월 7일 오후 9:54 (GMT+9),%EB%84%A4%EC%9D%B4%EB%B2%84_20250216.pdf,,2025년 2월 16일,리뷰,네이버 플레이스,No,2026년 5월 8일 오전 12:36,BASOON
"5번째 방문, 통증 줄고 몸이 깨어난 수련","https://map.naver.com/p/entry/place/1640628058?c=14.70,0,0,0,dh&placePath=/review?additionalHeight=76&from=map&fromPanelNum=1&locale=ko&svcName=map_pcv5&timestamp=202605072149&reviewSort=recent&photoUsed=true&additionalHeight=76",빅블루 요가,2026년 5월 7일 오후 11:19,BASOON,mintmint,2026년 5월 7일 오후 9:54 (GMT+9),%EB%84%A4%EC%9D%B4%EB%B2%84_20250205.pdf,,2025년 2월 5일,리뷰,네이버 플레이스,No,2026년 5월 8일 오전 12:36,BASOON
"맞춤 케어로 허리통증·자세 개선, 꾸준히 다닐 곳","https://map.naver.com/p/entry/place/1640628058?c=14.70,0,0,0,dh&placePath=/review?additionalHeight=76&from=map&fromPanelNum=1&locale=ko&svcName=map_pcv5&timestamp=202605072149&reviewSort=recent&photoUsed=true&additionalHeight=76",아가르 스튜디오,2026년 5월 7일 오후 11:20,BASOON,비카81,2026년 5월 7일 오후 9:54 (GMT+9),%EB%84%A4%EC%9D%B4%EB%B2%84_20241228.pdf,,2024년 12월 28일,리뷰,네이버 플레이스,No,2026년 5월 8일 오전 12:36,BASOON
"호흡 맞춘 속도 조절, 명상같은 수련","https://map.naver.com/p/entry/place/1640628058?c=14.70,0,0,0,dh&placePath=/review?additionalHeight=76&from=map&fromPanelNum=1&locale=ko&svcName=map_pcv5&timestamp=202605072149&reviewSort=recent&photoUsed=true&additionalHeight=76",아가르 스튜디오,2026년 5월 7일 오후 11:25,BASOON,비아플래닛,2026년 5월 7일 오후 9:54 (GMT+9),%EB%84%A4%EC%9D%B4%EB%B2%84_20241217.pdf,,2024년 12월 17일,리뷰,네이버 플레이스,No,2026년 5월 8일 오전 12:36,BASOON
"따뜻한 지도, 몰입되는 요가 수련","https://map.naver.com/p/entry/place/1640628058?c=14.70,0,0,0,dh&placePath=/review?additionalHeight=76&from=map&fromPanelNum=1&locale=ko&svcName=map_pcv5&timestamp=202605072149&reviewSort=recent&photoUsed=true&additionalHeight=76",아가르 스튜디오,2026년 5월 7일 오후 11:26,BASOON,envy5555,2026년 5월 7일 오후 9:54 (GMT+9),%EB%84%A4%EC%9D%B4%EB%B2%84_20241126.pdf,,2024년 11월 26일,리뷰,네이버 플레이스,No,2026년 5월 8일 오전 12:36,BASOON
"낮 수련반, 자세 꼼꼼한 맞춤 케어","https://map.naver.com/p/entry/place/1640628058?c=14.70,0,0,0,dh&placePath=/review?additionalHeight=76&from=map&fromPanelNum=1&locale=ko&svcName=map_pcv5&timestamp=202605072149&reviewSort=recent&photoUsed=true&additionalHeight=76",아가르 스튜디오,2026년 5월 7일 오후 11:27,BASOON,풀꽃89,2026년 5월 7일 오후 9:54 (GMT+9),%EB%84%A4%EC%9D%B4%EB%B2%84_20240815.pdf,,2024년 8월 15일,리뷰,네이버 플레이스,No,2026년 5월 8일 오전 12:36,BASOON
"아침 수련반, 편안한 분위기·맞춤 케어","https://map.naver.com/p/entry/place/1640628058?c=14.70,0,0,0,dh&placePath=/review?additionalHeight=76&from=map&fromPanelNum=1&locale=ko&svcName=map_pcv5&timestamp=202605072149&reviewSort=recent&photoUsed=true&additionalHeight=76",아가르 스튜디오,2026년 5월 7일 오후 11:28,BASOON,노랑나비7128,2026년 5월 7일 오후 9:54 (GMT+9),%EB%84%A4%EC%9D%B4%EB%B2%84_20240807.pdf,,2024년 8월 7일,리뷰,네이버 플레이스,No,2026년 5월 8일 오전 12:36,BASOON
"낮 수련반, 꼼꼼한 티칭에 통증 완화","https://map.naver.com/p/entry/place/1640628058?c=14.70,0,0,0,dh&placePath=/review?additionalHeight=76&from=map&fromPanelNum=1&locale=ko&svcName=map_pcv5&timestamp=202605072149&reviewSort=recent&photoUsed=true&additionalHeight=76",아가르 스튜디오,2026년 5월 7일 오후 11:29,BASOON,한폭의빛,2026년 5월 7일 오후 9:54 (GMT+9),%EB%84%A4%EC%9D%B4%EB%B2%84_20240601.pdf,,2024년 6월 1일,리뷰,네이버 플레이스,No,2026년 5월 8일 오전 12:36,BASOON
초보도 편하게 지도받는 깊이 있는 요가,"https://map.naver.com/p/entry/place/1640628058?c=14.70,0,0,0,dh&placePath=/review?additionalHeight=76&from=map&fromPanelNum=1&locale=ko&svcName=map_pcv5&timestamp=202605072149&reviewSort=recent&photoUsed=true&additionalHeight=76",아가르 스튜디오,2026년 5월 7일 오후 11:30,BASOON,노랑나비7128,2026년 5월 7일 오후 9:54 (GMT+9),%EB%84%A4%EC%9D%B4%EB%B2%84_20240507.pdf,,2024년 5월 7일,리뷰,네이버 플레이스,No,2026년 5월 8일 오전 12:36,BASOON
"친절한 맞춤 케어, 자세 꼼꼼히 봐줌","https://map.naver.com/p/entry/place/1640628058?c=14.70,0,0,0,dh&placePath=/review?additionalHeight=76&from=map&fromPanelNum=1&locale=ko&svcName=map_pcv5&timestamp=202605072149&reviewSort=recent&photoUsed=true&additionalHeight=76",아가르 스튜디오,2026년 5월 7일 오후 11:31,BASOON,톡기,2026년 5월 7일 오후 9:54 (GMT+9),%EB%84%A4%EC%9D%B4%EB%B2%84_20240402.pdf,,2024년 4월 2일,리뷰,네이버 플레이스,No,2026년 5월 8일 오전 12:36,BASOON
"아침 수련, 나무향·햇살·티타임 힐링","https://map.naver.com/p/entry/place/1640628058?c=14.70,0,0,0,dh&placePath=/review?additionalHeight=76&from=map&fromPanelNum=1&locale=ko&svcName=map_pcv5&timestamp=202605072149&reviewSort=recent&photoUsed=true&additionalHeight=76",아가르 스튜디오,2026년 5월 7일 오후 11:32,BASOON,노랑나비7128,2026년 5월 7일 오후 9:54 (GMT+9),%EB%84%A4%EC%9D%B4%EB%B2%84_20240123.pdf,,2024년 1월 23일,리뷰,네이버 플레이스,No,2026년 5월 8일 오전 12:36,BASOON
"낮 수련반, 명상 좋고 맞춤 케어","https://map.naver.com/p/entry/place/1640628058?c=14.70,0,0,0,dh&placePath=/review?additionalHeight=76&from=map&fromPanelNum=1&locale=ko&svcName=map_pcv5&timestamp=202605072149&reviewSort=recent&photoUsed=true&additionalHeight=76",아가르 스튜디오,2026년 5월 7일 오후 11:33,BASOON,검9888,2026년 5월 7일 오후 9:54 (GMT+9),%EB%84%A4%EC%9D%B4%EB%B2%84_20240122.pdf,,2024년 1월 22일,리뷰,네이버 플레이스,No,2026년 5월 8일 오전 12:36,BASOON
주3회 단골도 만족한 친절 맞춤 케어,"https://map.naver.com/p/entry/place/1640628058?c=14.70,0,0,0,dh&placePath=/review?additionalHeight=76&from=map&fromPanelNum=1&locale=ko&svcName=map_pcv5&timestamp=202605072149&reviewSort=recent&photoUsed=true&additionalHeight=76",아가르 스튜디오,2026년 5월 7일 오후 11:34,BASOON,검9888,2026년 5월 7일 오후 9:54 (GMT+9),%EB%84%A4%EC%9D%B4%EB%B2%84_20231218.pdf,,2023년 12월 18일,리뷰,네이버 플레이스,No,2026년 5월 8일 오전 12:36,BASOON
모든 자세 의미까지 짚어주는 맞춤 케어,"https://map.naver.com/p/entry/place/1640628058?c=14.70,0,0,0,dh&placePath=/review?additionalHeight=76&from=map&fromPanelNum=1&locale=ko&svcName=map_pcv5&timestamp=202605072149&reviewSort=recent&photoUsed=true&additionalHeight=76",아가르 스튜디오,2026년 5월 7일 오후 11:35,BASOON,sha****,2026년 5월 7일 오후 9:54 (GMT+9),%EB%84%A4%EC%9D%B4%EB%B2%84_20231130.pdf,,2023년 11월 30일,리뷰,네이버 플레이스,No,2026년 5월 8일 오전 12:36,BASOON
"친절한 맞춤 케어, 체계적 요가 수련","https://map.naver.com/p/entry/place/1640628058?c=14.70,0,0,0,dh&placePath=/review?additionalHeight=76&from=map&fromPanelNum=1&locale=ko&svcName=map_pcv5&timestamp=202605072149&reviewSort=recent&photoUsed=true&additionalHeight=76",아가르 스튜디오,2026년 5월 7일 오후 11:36,BASOON,검9888,2026년 5월 7일 오후 9:54 (GMT+9),%EB%84%A4%EC%9D%B4%EB%B2%84_20231121.pdf,,2023년 11월 21일,리뷰,네이버 플레이스,No,2026년 5월 8일 오전 12:36,BASOON
"따뜻한 분위기, 개운한 낮 수련반 등록","https://map.naver.com/p/entry/place/1640628058?c=14.70,0,0,0,dh&placePath=/review?additionalHeight=76&from=map&fromPanelNum=1&locale=ko&svcName=map_pcv5&timestamp=202605072149&reviewSort=recent&photoUsed=true&additionalHeight=76",아가르 스튜디오,2026년 5월 7일 오후 11:37,BASOON,o10****,2026년 5월 7일 오후 9:54 (GMT+9),%EB%84%A4%EC%9D%B4%EB%B2%84_20231119.pdf,,2023년 11월 19일,리뷰,네이버 플레이스,No,2026년 5월 8일 오전 12:36,BASOON
"2번째 방문도 만족, 맞춤 케어·자세 꼼꼼","https://map.naver.com/p/entry/place/1640628058?c=14.70,0,0,0,dh&placePath=/review?additionalHeight=76&from=map&fromPanelNum=1&locale=ko&svcName=map_pcv5&timestamp=202605072149&reviewSort=recent&photoUsed=true&additionalHeight=76",아가르 스튜디오,2026년 5월 7일 오후 11:38,BASOON,검9888,2026년 5월 7일 오후 9:54 (GMT+9),%EB%84%A4%EC%9D%B4%EB%B2%84_20231027.pdf,,2023년 10월 27일,리뷰,네이버 플레이스,No,2026년 5월 8일 오전 12:36,BASOON
"친절한 지도, 자세 꼼꼼히 봐주는 요가","https://map.naver.com/p/entry/place/1640628058?c=14.70,0,0,0,dh&placePath=/review?additionalHeight=76&from=map&fromPanelNum=1&locale=ko&svcName=map_pcv5&timestamp=202605072149&reviewSort=recent&photoUsed=true&additionalHeight=76",아가르 스튜디오,2026년 5월 7일 오후 11:39,BASOON,검9888,2026년 5월 7일 오후 9:54 (GMT+9),%EB%84%A4%EC%9D%B4%EB%B2%84_20231020.pdf,,2023년 10월 20일,리뷰,네이버 플레이스,No,2026년 5월 8일 오전 12:36,BASOON
"전통요가 주말수련, 계속 다니고 싶음","https://map.naver.com/p/entry/place/1640628058?c=14.70,0,0,0,dh&placePath=/review?additionalHeight=76&from=map&fromPanelNum=1&locale=ko&svcName=map_pcv5&timestamp=202605072149&reviewSort=recent&photoUsed=true&additionalHeight=76",아가르 스튜디오,2026년 5월 7일 오후 11:40,BASOON,튼튼,2026년 5월 7일 오후 9:54 (GMT+9),%EB%84%A4%EC%9D%B4%EB%B2%84_20231009_(2).pdf,,2023년 10월 9일,리뷰,네이버 플레이스,No,2026년 5월 8일 오전 12:36,BASOON
"2번째 방문, 세심한 자세 케어로 개운한 아침반","https://map.naver.com/p/entry/place/1640628058?c=14.70,0,0,0,dh&placePath=/review?additionalHeight=76&from=map&fromPanelNum=1&locale=ko&svcName=map_pcv5&timestamp=202605072149&reviewSort=recent&photoUsed=true&additionalHeight=76",아가르 스튜디오,2026년 5월 7일 오후 11:41,BASOON,hsm****,2026년 5월 7일 오후 9:54 (GMT+9),%EB%84%A4%EC%9D%B4%EB%B2%84_20231009_(1).pdf,,2023년 10월 9일,리뷰,네이버 플레이스,No,2026년 5월 8일 오전 12:36,BASOON
남성도 추천한 초보 맞춤 요가,"https://map.naver.com/p/entry/place/1640628058?c=14.70,0,0,0,dh&placePath=/review?additionalHeight=76&from=map&fromPanelNum=1&locale=ko&svcName=map_pcv5&timestamp=202605072149&reviewSort=recent&photoUsed=true&additionalHeight=76",아가르 스튜디오,2026년 5월 7일 오후 11:42,BASOON,으후,2026년 5월 7일 오후 9:54 (GMT+9),%EB%84%A4%EC%9D%B4%EB%B2%84_20231008.pdf,,2023년 10월 8일,리뷰,네이버 플레이스,No,2026년 5월 8일 오전 12:36,BASOON
"체계적·친절한 낮 수련, 재방문","https://map.naver.com/p/entry/place/1640628058?c=14.70,0,0,0,dh&placePath=/review?additionalHeight=76&from=map&fromPanelNum=1&locale=ko&svcName=map_pcv5&timestamp=202605072149&reviewSort=recent&photoUsed=true&additionalHeight=76",아가르 스튜디오,2026년 5월 7일 오후 11:43,BASOON,Mm35,2026년 5월 7일 오후 9:54 (GMT+9),%EB%84%A4%EC%9D%B4%EB%B2%84_20230924.pdf,,2023년 9월 24일,리뷰,네이버 플레이스,No,2026년 5월 8일 오전 12:36,BASOON
편안한 분위기에서 속깊은 대화 모임,"https://map.naver.com/p/entry/place/1640628058?c=14.70,0,0,0,dh&placePath=/review?additionalHeight=76&from=map&fromPanelNum=1&locale=ko&svcName=map_pcv5&timestamp=202605072149&reviewSort=recent&photoUsed=true&additionalHeight=76",아가르 스튜디오,2026년 5월 7일 오후 11:47,BASOON,JJJ2553,2026년 5월 7일 오후 9:54 (GMT+9),%EB%84%A4%EC%9D%B4%EB%B2%84_20230918_(4).pdf,,2023년 9월 18일,리뷰,네이버 플레이스,No,2026년 5월 8일 오전 12:36,BASOON
마음과 감정 쉬어가는 아늑한 요가원,"https://map.naver.com/p/entry/place/1640628058?c=14.70,0,0,0,dh&placePath=/review?additionalHeight=76&from=map&fromPanelNum=1&locale=ko&svcName=map_pcv5&timestamp=202605072149&reviewSort=recent&photoUsed=true&additionalHeight=76",아가르 스튜디오,2026년 5월 7일 오후 11:48,BASOON,로미로미화니화니,2026년 5월 7일 오후 9:54 (GMT+9),%EB%84%A4%EC%9D%B4%EB%B2%84_20230918_(3).pdf,,2023년 9월 18일,리뷰,네이버 플레이스,No,2026년 5월 8일 오전 12:36,BASOON
가치판단 없이 안전한 대화모임,"https://map.naver.com/p/entry/place/1640628058?c=14.70,0,0,0,dh&placePath=/review?additionalHeight=76&from=map&fromPanelNum=1&locale=ko&svcName=map_pcv5&timestamp=202605072149&reviewSort=recent&photoUsed=true&additionalHeight=76",아가르 스튜디오,2026년 5월 7일 오후 11:49,BASOON,hsm****,2026년 5월 7일 오후 9:54 (GMT+9),%EB%84%A4%EC%9D%B4%EB%B2%84_20230918_(2).pdf,,2023년 9월 18일,리뷰,네이버 플레이스,No,2026년 5월 8일 오전 12:36,BASOON
"3번째 방문, 동작 꼼꼼히 잡아주는 아침 수련반","https://map.naver.com/p/entry/place/1640628058?c=14.70,0,0,0,dh&placePath=/review?additionalHeight=76&from=map&fromPanelNum=1&locale=ko&svcName=map_pcv5&timestamp=202605072149&reviewSort=recent&photoUsed=true&additionalHeight=76",아가르 스튜디오,2026년 5월 7일 오후 11:50,BASOON,신현지96,2026년 5월 7일 오후 9:54 (GMT+9),%EB%84%A4%EC%9D%B4%EB%B2%84_20230918_(1).pdf,,2023년 9월 18일,리뷰,네이버 플레이스,No,2026년 5월 8일 오전 12:36,BASOON
"원데이 저녁수련, 맞춤 지도 만족","https://map.naver.com/p/entry/place/1640628058?c=14.70,0,0,0,dh&placePath=/review?additionalHeight=76&from=map&fromPanelNum=1&locale=ko&svcName=map_pcv5&timestamp=202605072149&reviewSort=recent&photoUsed=true&additionalHeight=76",아가르 스튜디오,2026년 5월 7일 오후 11:51,BASOON,senee,2026년 5월 7일 오후 9:54 (GMT+9),%EB%84%A4%EC%9D%B4%EB%B2%84_20230912.pdf,,2023년 9월 12일,리뷰,네이버 플레이스,No,2026년 5월 8일 오전 12:36,BASOON
"예쁜 아늑한 공간, 소수정예 열정 수업","https://map.naver.com/p/entry/place/1640628058?c=14.70,0,0,0,dh&placePath=/review?additionalHeight=76&from=map&fromPanelNum=1&locale=ko&svcName=map_pcv5&timestamp=202605072149&reviewSort=recent&photoUsed=true&additionalHeight=76",아가르 스튜디오,2026년 5월 7일 오후 11:51,BASOON,sun****,2026년 5월 7일 오후 9:54 (GMT+9),%EB%84%A4%EC%9D%B4%EB%B2%84_20230904.pdf,,2023년 9월 4일,리뷰,네이버 플레이스,No,2026년 5월 8일 오전 12:36,BASOON
"원리·자세 꼼꼼 지도, 맞춤 정통요가","https://map.naver.com/p/entry/place/1640628058?c=14.70,0,0,0,dh&placePath=/review?additionalHeight=76&from=map&fromPanelNum=1&locale=ko&svcName=map_pcv5&timestamp=202605072149&reviewSort=recent&photoUsed=true&additionalHeight=76",아가르 스튜디오,2026년 5월 7일 오후 11:52,BASOON,lesmots,2026년 5월 7일 오후 9:54 (GMT+9),%EB%84%A4%EC%9D%B4%EB%B2%84_20230824.pdf,,2023년 8월 24일,리뷰,네이버 플레이스,No,2026년 5월 8일 오전 12:36,BASOON
"소수정예 맞춤지도, 깊게 몰입되는 오전 수련","https://map.naver.com/p/entry/place/1640628058?c=14.70,0,0,0,dh&placePath=/review?additionalHeight=76&from=map&fromPanelNum=1&locale=ko&svcName=map_pcv5&timestamp=202605072149&reviewSort=recent&photoUsed=true&additionalHeight=76",아가르 스튜디오,2026년 5월 7일 오후 11:53,BASOON,WAACKO,2026년 5월 7일 오후 9:54 (GMT+9),%EB%84%A4%EC%9D%B4%EB%B2%84_20230823.pdf,,2023년 8월 23일,리뷰,네이버 플레이스,No,2026년 5월 8일 오전 12:36,BASOON
"고전요가 본질 설명, 수련 후 개운함","https://map.naver.com/p/entry/place/1640628058?c=14.70,0,0,0,dh&placePath=/review?additionalHeight=76&from=map&fromPanelNum=1&locale=ko&svcName=map_pcv5&timestamp=202605072149&reviewSort=recent&photoUsed=true&additionalHeight=76",아가르 스튜디오,2026년 5월 7일 오후 11:55,BASOON,log59,2026년 5월 7일 오후 9:54 (GMT+9),%EB%84%A4%EC%9D%B4%EB%B2%84_20230820.pdf,,2023년 8월 20일,리뷰,네이버 플레이스,No,2026년 5월 8일 오전 12:36,BASOON
"본격적 낮 수련반, 보람·개운함","https://map.naver.com/p/entry/place/1640628058?c=14.70,0,0,0,dh&placePath=/review?additionalHeight=76&from=map&fromPanelNum=1&locale=ko&svcName=map_pcv5&timestamp=202605072149&reviewSort=recent&photoUsed=true&additionalHeight=76",아가르 스튜디오,2026년 5월 7일 오후 11:56,BASOON,김플피스,2026년 5월 7일 오후 9:54 (GMT+9),%EB%84%A4%EC%9D%B4%EB%B2%84_20230812.pdf,,2023년 8월 12일,리뷰,네이버 플레이스,No,2026년 5월 8일 오전 12:36,BASOON
무리 없이 몸 열고 호흡 길어지는 수업,"https://map.naver.com/p/entry/place/1640628058?c=14.70,0,0,0,dh&placePath=/review?additionalHeight=76&from=map&fromPanelNum=1&locale=ko&svcName=map_pcv5&timestamp=202605072149&reviewSort=recent&photoUsed=true&additionalHeight=76",아가르 스튜디오,2026년 5월 7일 오후 11:58,BASOON,쏘삐2,2026년 5월 7일 오후 9:54 (GMT+9),%EB%84%A4%EC%9D%B4%EB%B2%84_20230731.pdf,,2023년 7월 31일,리뷰,네이버 플레이스,No,2026년 5월 8일 오전 12:36,BASOON
"초보도 추천, 맞춤지도 좋은 전통요가","https://map.naver.com/p/entry/place/1640628058?c=14.70,0,0,0,dh&placePath=/review?additionalHeight=76&from=map&fromPanelNum=1&locale=ko&svcName=map_pcv5&timestamp=202605072149&reviewSort=recent&photoUsed=true&additionalHeight=76",아가르 스튜디오,2026년 5월 8일 오전 12:02,BASOON,트레이33,2026년 5월 7일 오후 9:54 (GMT+9),%EB%84%A4%EC%9D%B4%EB%B2%84_20230730.pdf,,2023년 7월 30일,리뷰,네이버 플레이스,No,2026년 5월 8일 오전 12:35,BASOON
"맞춤 지도에 긴 수련, 합리적 가격","https://map.naver.com/p/entry/place/1640628058?c=14.70,0,0,0,dh&placePath=/review?additionalHeight=76&from=map&fromPanelNum=1&locale=ko&svcName=map_pcv5&timestamp=202605072149&reviewSort=recent&photoUsed=true&additionalHeight=76",아가르 스튜디오,2026년 5월 8일 오전 12:03,BASOON,dlq****,2026년 5월 7일 오후 9:54 (GMT+9),%EB%84%A4%EC%9D%B4%EB%B2%84_20230729.pdf,,2023년 7월 29일,리뷰,네이버 플레이스,No,2026년 5월 8일 오전 12:36,BASOON
맞춤 지도 덕에 호흡·몸 변화 느낀 소수정예 요가,"https://map.naver.com/p/entry/place/1640628058?c=14.70,0,0,0,dh&placePath=/review?additionalHeight=76&from=map&fromPanelNum=1&locale=ko&svcName=map_pcv5&timestamp=202605072149&reviewSort=recent&photoUsed=true&additionalHeight=76",아가르 스튜디오,2026년 5월 8일 오전 12:04,BASOON,까미까미94,2026년 5월 7일 오후 9:54 (GMT+9),%EB%84%A4%EC%9D%B4%EB%B2%84_20230727.pdf,,2023년 7월 27일,리뷰,네이버 플레이스,No,2026년 5월 8일 오전 12:36,BASOON
"세심한 맞춤 지도, 거북목 개선","https://map.naver.com/p/entry/place/1640628058?c=14.70,0,0,0,dh&placePath=/review?additionalHeight=76&from=map&fromPanelNum=1&locale=ko&svcName=map_pcv5&timestamp=202605072149&reviewSort=recent&photoUsed=true&additionalHeight=76",아가르 스튜디오,2026년 5월 8일 오전 12:05,BASOON,paul9701,2026년 5월 7일 오후 9:54 (GMT+9),%EB%84%A4%EC%9D%B4%EB%B2%84_20230723.pdf,,2023년 7월 23일,리뷰,네이버 플레이스,No,2026년 5월 8일 오전 12:36,BASOON
"호흡부터 친절히, 몸이 개운해지는 요가",https://www.sssd.co.kr/m/author/home/MjQ2NDI5ODk1Nw==,하진 아가르 스튜디오,2026년 5월 8일 오전 12:42,BASOON,문지문,2026년 5월 7일 오후 9:54 (GMT+9),%EC%86%9C%EC%94%A8%EB%8B%B9_20221119.pdf,,2022년 11월 19일,리뷰,솜씨당,No,2026년 5월 8일 오후 5:07,리뷰 요약 도우미
"소규모 맞춤 지도, 알찬 원데이 요가",https://www.sssd.co.kr/m/author/home/MjQ2NDI5ODk1Nw==,하진 아가르 스튜디오,2026년 5월 8일 오후 4:12,BASOON,수진전,2026년 5월 7일 오후 9:54 (GMT+9),%EC%86%9C%EC%94%A8%EB%8B%B9_20221126.pdf,,2022년 11월 26일,리뷰,솜씨당,No,2026년 5월 8일 오후 5:06,리뷰 요약 도우미
호흡까지 꼼꼼한 원데이 요가 수업,https://www.sssd.co.kr/m/author/home/MjQ2NDI5ODk1Nw==,하진 아가르 스튜디오,2026년 5월 8일 오후 4:14,BASOON,응갱갱,2026년 5월 7일 오후 9:54 (GMT+9),%EC%86%9C%EC%94%A8%EB%8B%B9_20221203.pdf,,2022년 12월 3일,리뷰,솜씨당,No,2026년 5월 8일 오후 5:06,리뷰 요약 도우미
"나무향 가득, 초보도 쉬운 친절한 요가",https://www.sssd.co.kr/m/author/home/MjQ2NDI5ODk1Nw==,아가르 스튜디오,2026년 5월 8일 오후 4:15,BASOON,고마운비타민정제,2026년 5월 7일 오후 9:54 (GMT+9),%EC%86%9C%EC%94%A8%EB%8B%B9_20230409.pdf,,2023년 4월 9일,리뷰,솜씨당,No,2026년 5월 8일 오후 5:06,리뷰 요약 도우미
깊게 자극하는 2시간 요가 원데이,https://www.sssd.co.kr/m/author/home/MjQ2NDI5ODk1Nw==,아가르 스튜디오,2026년 5월 8일 오후 4:17,BASOON,전주비타민향미로1,2026년 5월 7일 오후 9:54 (GMT+9),%EC%86%9C%EC%94%A8%EB%8B%B9_20230705.pdf,,2023년 7월 5일,리뷰,솜씨당,No,2026년 5월 8일 오후 5:06,리뷰 요약 도우미
"인도 수련 강사, 초보도 편한 원데이 요가",https://www.sssd.co.kr/m/author/home/MjQ2NDI5ODk1Nw==,아가르 스튜디오,2026년 5월 8일 오후 4:18,BASOON,쏘삐,2026년 5월 7일 오후 9:54 (GMT+9),%EC%86%9C%EC%94%A8%EB%8B%B9_20230411.pdf,,2023년 4월 11일,리뷰,솜씨당,No,2026년 5월 8일 오후 5:06,리뷰 요약 도우미
"쾌적한 소그룹, 세심한 지도에 재방문 100",https://www.sssd.co.kr/m/author/home/MjQ2NDI5ODk1Nw==,아가르 스튜디오,2026년 5월 8일 오후 4:21,BASOON,깔끔한독수리2,2026년 5월 7일 오후 9:54 (GMT+9),%EC%86%9C%EC%94%A8%EB%8B%B9_20230827.pdf,,2023년 8월 27일,리뷰,솜씨당,No,2026년 5월 8일 오후 5:06,리뷰 요약 도우미
"초보도 디테일 코칭, 유연성 변화",https://www.sssd.co.kr/m/author/home/MjQ2NDI5ODk1Nw==,아가르 스튜디오,2026년 5월 8일 오후 4:22,BASOON,태양분식매니아1,2026년 5월 7일 오후 9:54 (GMT+9),%EC%86%9C%EC%94%A8%EB%8B%B9_20230904.pdf,,2023년 9월 4일,리뷰,솜씨당,No,2026년 5월 8일 오후 5:06,리뷰 요약 도우미
허리통증 원인 찾고 자세 교정 도움,https://www.sssd.co.kr/m/author/home/MjQ2NDI5ODk1Nw==,아가르 스튜디오,2026년 5월 8일 오후 4:26,BASOON,깡소,2026년 5월 7일 오후 9:54 (GMT+9),%EC%86%9C%EC%94%A8%EB%8B%B9_20230909.pdf,,2023년 9월 9일,리뷰,솜씨당,No,2026년 5월 8일 오후 5:06,리뷰 요약 도우미
소그룹이라 자세를 세세히 잡아줘 재등록함,https://www.sssd.co.kr/m/author/home/MjQ2NDI5ODk1Nw==,아가르 스튜디오,2026년 5월 8일 오후 4:27,BASOON,어두운신용카드,2026년 5월 7일 오후 9:54 (GMT+9),%EC%86%9C%EC%94%A8%EB%8B%B9_20230910.pdf,,2023년 9월 10일,리뷰,솜씨당,No,2026년 5월 8일 오후 5:06,리뷰 요약 도우미
수업 구성 탄탄해 만족스러운 요가,https://www.sssd.co.kr/m/author/home/MjQ2NDI5ODk1Nw==,아가르 스튜디오,2026년 5월 8일 오후 4:29,BASOON,노랑아기소바2,2026년 5월 7일 오후 9:54 (GMT+9),%EC%86%9C%EC%94%A8%EB%8B%B9_20231107.pdf,,2023년 11월 7일,리뷰,솜씨당,No,2026년 5월 8일 오후 5:06,리뷰 요약 도우미
"철학 깊은 선생님, 평온한 수련",https://www.sssd.co.kr/m/author/home/MjQ2NDI5ODk1Nw==,아가르 스튜디오,2026년 5월 8일 오후 4:30,BASOON,20201986,2026년 5월 7일 오후 9:54 (GMT+9),%EC%86%9C%EC%94%A8%EB%8B%B9_20231209.pdf,,2023년 12월 9일,리뷰,솜씨당,No,2026년 5월 8일 오후 5:06,리뷰 요약 도우미
친절한 설명에 몸이 시원한 요가,https://www.sssd.co.kr/m/author/home/MjQ2NDI5ODk1Nw==,아가르 스튜디오,2026년 5월 8일 오후 4:31,BASOON,탈퇴한사용자,2026년 5월 7일 오후 9:54 (GMT+9),%EC%86%9C%EC%94%A8%EB%8B%B9_20231229.pdf,,2023년 12월 29일,리뷰,솜씨당,No,2026년 5월 8일 오후 5:06,리뷰 요약 도우미
초보도 칭찬받는 친절한 소그룹 요가,https://www.sssd.co.kr/m/author/home/MjQ2NDI5ODk1Nw==,아가르 스튜디오,2026년 5월 8일 오후 4:32,BASOON,미나11,2026년 5월 7일 오후 9:54 (GMT+9),%EC%86%9C%EC%94%A8%EB%8B%B9_20240206.pdf,,2024년 2월 6일,리뷰,솜씨당,No,2026년 5월 8일 오후 5:06,리뷰 요약 도우미
"힘들지만 개운한 소그룹 요가, 적극 추천",https://www.sssd.co.kr/m/author/home/MjQ2NDI5ODk1Nw==,아가르 스튜디오,2026년 5월 8일 오후 4:33,BASOON,달달한송부퍼3,2026년 5월 7일 오후 9:54 (GMT+9),%EC%86%9C%EC%94%A8%EB%8B%B9_20240603.pdf,,2024년 6월 3일,리뷰,솜씨당,No,2026년 5월 8일 오후 5:06,리뷰 요약 도우미
"느린 기본동작으로 깊은 이완, 자세를 꼼꼼히 봐줌",https://www.sssd.co.kr/m/author/home/MjQ2NDI5ODk1Nw==,아가르 스튜디오,2026년 5월 8일 오후 4:34,BASOON,킹카피파자빈,2026년 5월 7일 오후 9:54 (GMT+9),%EC%86%9C%EC%94%A8%EB%8B%B9_20240605.pdf,,2024년 6월 5일,리뷰,솜씨당,No,2026년 5월 8일 오후 5:06,리뷰 요약 도우미
"차분한 두 강사, 맞춤 난이도 힐링 요가",https://www.sssd.co.kr/m/author/home/MjQ2NDI5ODk1Nw==,아가르 스튜디오,2026년 5월 8일 오후 4:36,BASOON,사과푸딩,2026년 5월 7일 오후 9:54 (GMT+9),%EC%86%9C%EC%94%A8%EB%8B%B9_20240609_(1).pdf,,2024년 6월 9일,리뷰,솜씨당,No,2026년 5월 8일 오후 5:06,리뷰 요약 도우미
초보도 편한 섬세한 소그룹 요가,https://www.sssd.co.kr/m/author/home/MjQ2NDI5ODk1Nw==,아가르 스튜디오,2026년 5월 8일 오후 4:38,BASOON,웰컴미국오리4,2026년 5월 7일 오후 9:54 (GMT+9),%EC%86%9C%EC%94%A8%EB%8B%B9_20240609_(2).pdf,,2024년 6월 9일,리뷰,솜씨당,No,2026년 5월 8일 오후 5:06,리뷰 요약 도우미
"꼼꼼한 지도, 마사지처럼 시원한 요가",https://www.sssd.co.kr/m/author/home/MjQ2NDI5ODk1Nw==,아가르 스튜디오,2026년 5월 8일 오후 4:39,BASOON,아홉번째표범2,2026년 5월 7일 오후 9:54 (GMT+9),%EC%86%9C%EC%94%A8%EB%8B%B9_20240620.pdf,,2024년 6월 20일,리뷰,솜씨당,No,2026년 5월 8일 오후 5:06,리뷰 요약 도우미
"운동량 많은 소그룹 요가, 꼭 해보세요",https://www.sssd.co.kr/m/author/home/MjQ2NDI5ODk1Nw==,아가르 스튜디오,2026년 5월 8일 오후 4:40,BASOON,강남삼겹과백반2,2026년 5월 7일 오후 9:54 (GMT+9),%EC%86%9C%EC%94%A8%EB%8B%B9_20240704.pdf,,2024년 7월 4일,리뷰,솜씨당,No,2026년 5월 8일 오후 5:06,리뷰 요약 도우미
"초보도 만족, 척추 요가로 허리 펴짐",https://www.sssd.co.kr/m/author/home/MjQ2NDI5ODk1Nw==,아가르 스튜디오,2026년 5월 8일 오후 4:41,BASOON,슬픈야쿠르트3,2026년 5월 7일 오후 9:54 (GMT+9),%EC%86%9C%EC%94%A8%EB%8B%B9_20240708.pdf,,2024년 7월 8일,리뷰,솜씨당,No,2026년 5월 8일 오후 5:06,리뷰 요약 도우미
"두 선생님 덕에 유익한 수련, 재방문 의사",https://www.sssd.co.kr/m/author/home/MjQ2NDI5ODk1Nw==,아가르 스튜디오,2026년 5월 8일 오후 4:47,BASOON,망고빙수수,2026년 5월 7일 오후 9:54 (GMT+9),%EC%86%9C%EC%94%A8%EB%8B%B9_20240811.pdf,,2024년 8월 11일,리뷰,솜씨당,No,2026년 5월 8일 오후 5:06,리뷰 요약 도우미
"세세한 근육 풀림, 또 오고싶은 수업",https://www.sssd.co.kr/m/author/home/MjQ2NDI5ODk1Nw==,아가르 스튜디오,2026년 5월 8일 오후 4:47,BASOON,친절한딱다구리3,2026년 5월 7일 오후 9:54 (GMT+9),%EC%86%9C%EC%94%A8%EB%8B%B9_20241003.pdf,,2024년 10월 3일,리뷰,솜씨당,No,2026년 5월 8일 오후 5:06,리뷰 요약 도우미
자세 세밀히 교정해 몰입되는 수련,https://www.sssd.co.kr/m/author/home/MjQ2NDI5ODk1Nw==,아가르 스튜디오,2026년 5월 8일 오후 4:48,BASOON,Kelsey(정다운),2026년 5월 7일 오후 9:54 (GMT+9),%EC%86%9C%EC%94%A8%EB%8B%B9_20241024.pdf,,2024년 10월 24일,리뷰,솜씨당,No,2026년 5월 8일 오후 5:06,리뷰 요약 도우미
"강도 높은 수업, 몸상태 돌아본 후기",https://www.sssd.co.kr/m/author/home/MjQ2NDI5ODk1Nw==,아가르 스튜디오,2026년 5월 8일 오후 4:49,BASOON,비익조,2026년 5월 7일 오후 9:54 (GMT+9),%EC%86%9C%EC%94%A8%EB%8B%B9_20241027.pdf,,2024년 10월 27일,리뷰,솜씨당,No,2026년 5월 8일 오후 5:06,리뷰 요약 도우미
"2시간 표기인데 70분, 스트레칭만",https://www.sssd.co.kr/m/author/home/MjQ2NDI5ODk1Nw==,빅블루 요가,2026년 5월 8일 오후 4:50,BASOON,원조연탄불구이촌6,2026년 5월 7일 오후 9:54 (GMT+9),%EC%86%9C%EC%94%A8%EB%8B%B9_20250315.pdf,,2025년 3월 15일,리뷰,솜씨당,No,2026년 5월 8일 오후 5:06,리뷰 요약 도우미
"정교한 정렬, 친절·꼼꼼한 지도",https://www.sssd.co.kr/m/author/home/MjQ2NDI5ODk1Nw==,빅블루 요가,2026년 5월 8일 오후 4:53,BASOON,maryfromlove,2026년 5월 7일 오후 9:54 (GMT+9),%EC%86%9C%EC%94%A8%EB%8B%B9_20250819.pdf,,2025년 8월 19일,리뷰,솜씨당,No,2026년 5월 8일 오후 5:06,리뷰 요약 도우미
"친절한 안내, 새롭고 재밌던 정렬·호흡 수련",https://www.sssd.co.kr/m/author/home/MjQ2NDI5ODk1Nw==,빅블루 요가,2026년 5월 8일 오후 4:54,BASOON,축제커피친구1,2026년 5월 7일 오후 9:54 (GMT+9),%EC%86%9C%EC%94%A8%EB%8B%B9_20251225.pdf,,2025년 12월 25일,리뷰,솜씨당,No,2026년 5월 8일 오후 5:06,리뷰 요약 도우미
"호흡 중심 수업, 마음 편안해져 재방문 의지",https://www.frip.co.kr/hosts/19593/reviews,하진 아가르 스튜디오,2026년 5월 8일 오후 5:07,BASOON,js,2026년 5월 8일,%ED%94%84%EB%A6%BD_20221220.pdf,,2022년 12월 20일,리뷰,프립,No,2026년 5월 8일 오후 6:15,BASOON
초보도 힐링한 맞춤 아사나 요가 수업,https://www.frip.co.kr/hosts/19593/reviews,아가르 스튜디오,2026년 5월 8일 오후 5:09,BASOON,도망가자산으로,2026년 5월 8일,%ED%94%84%EB%A6%BD_20230316.pdf,,2023년 3월 16일,리뷰,프립,No,2026년 5월 8일 오후 6:15,BASOON
"커플요가 원데이, 깊은 분위기·진심 지도",https://www.frip.co.kr/hosts/19593/reviews,아가르 스튜디오,2026년 5월 8일 오후 5:10,BASOON,소맹,2026년 5월 8일,%ED%94%84%EB%A6%BD_20230612.pdf,,2023년 6월 12일,리뷰,프립,No,2026년 5월 8일 오후 6:15,BASOON
"7번째 방문, 마지막 수업도 만족",https://www.obud.co/place/yogaweek-yeonhui?tab=review,빅블루 요가,2026년 5월 8일 오후 5:24,BASOON,d******,2026년 5월 8일,%EC%98%A4%EB%B6%93_20260508.pdf,,2026년 5월 8일,리뷰,오붓,No,2026년 5월 8일 오후 6:15,BASOON
"3시간 빡센 수련, 성취감 짜릿",https://blog.naver.com/mutzimhn/223194907169,아가르 스튜디오,2026년 5월 8일 오후 5:42,BASOON,hanna wangmutzim,2026년 5월 8일,%EB%84%A4%EC%9D%B4%EB%B2%84_%EB%B8%94%EB%A1%9C%EA%B7%B8_20230827.pdf,,2023년 8월 27일,리뷰,네이버 블로그,No,2026년 5월 8일 오후 6:15,BASOON
아가르 요가 9/29 워크숍 안내,https://blog.naver.com/hwayoungpark-/223593441925,아가르 스튜디오,2026년 5월 8일 오후 5:43,BASOON,hwayoungpark-,2026년 5월 8일,%EB%84%A4%EC%9D%B4%EB%B2%84_%EB%B8%94%EB%A1%9C%EA%B7%B8_20240923.pdf,,2024년 9월 23일,홍보,네이버 블로그,No,2026년 5월 8일 오후 6:15,BASOON
"2:1 고전 하타요가, 힘들지만 유연성 향상",https://blog.naver.com/jisoolog_/223183346762,아가르 스튜디오,2026년 5월 8일 오후 5:49,BASOON,jisoolog,2026년 5월 8일,%EB%84%A4%EC%9D%B4%EB%B2%84_%EB%B8%94%EB%A1%9C%EA%B7%B8_20230814.pdf,,2023년 8월 14일,리뷰,네이버 블로그,No,2026년 5월 8일 오후 6:15,BASOON
"호흡리커버리, 초보도 편한 정렬 요가",https://blog.naver.com/bluejazzdenim/224269696085,빅블루 요가,2026년 5월 8일 오후 6:08,BASOON,뫼르소나,2026년 5월 8일,%EB%84%A4%EC%9D%B4%EB%B2%84_%EB%B8%94%EB%A1%9C%EA%B7%B8_20260503_(1).pdf,,2026년 5월 3일,리뷰,네이버 블로그,No,2026년 5월 8일 오후 6:19,리뷰 요약 도우미
"연희요가위크 빅블루 수업, 비트박스까지 신선",https://blog.naver.com/newnany/224273087109,빅블루 요가,2026년 5월 8일 오후 6:15,BASOON,뉴나니,2026년 5월 8일,%EB%84%A4%EC%9D%B4%EB%B2%84_%EB%B8%94%EB%A1%9C%EA%B7%B8_20260503_(2).pdf,,2026년 5월 3일,리뷰,네이버 블로그,No,2026년 5월 8일 오후 6:19,리뷰 요약 도우미
"연희 요가위크, 다양한 수련·친절한 티칭",https://blog.naver.com/obs2021/224277842457,빅블루 요가,2026년 5월 8일 오후 6:16,BASOON,dididada,2026년 5월 8일,%EB%84%A4%EC%9D%B4%EB%B2%84_%EB%B8%94%EB%A1%9C%EA%B7%B8_20260507.pdf,,2026년 5월 7일,리뷰,네이버 블로그,No,2026년 5월 8일 오후 6:19,리뷰 요약 도우미
연희요가위크 시작 소식,https://blog.naver.com/knr1156/224259587305,빅블루 요가,2026년 5월 8일 오후 6:17,BASOON,모든걸사고싶은맘,2026년 5월 8일,%EB%84%A4%EC%9D%B4%EB%B2%84_%EB%B8%94%EB%A1%9C%EA%B7%B8_20260421.pdf,,2026년 4월 21일,리뷰,네이버 블로그,No,2026년 5월 8일 오후 6:19,리뷰 요약 도우미
