이름,업로드된 날짜,업로드 후 수정된 날짜,스냅샷 기준일,URL,스크랩,대상,체크박스,채널,소유자,정보 유형
"연희 요가위크, 다양한 수련·친절한 티칭",2026년 5월 7일,,2026년 5월 8일,https://blog.naver.com/obs2021/224277842457,%EB%84%A4%EC%9D%B4%EB%B2%84_%EB%B8%94%EB%A1%9C%EA%B7%B8_20260507.pdf,빅블루 요가,No,네이버 블로그,dididada,리뷰
"연희요가위크 빅블루 수업, 비트박스까지 신선",2026년 5월 3일,,2026년 5월 8일,https://blog.naver.com/newnany/224273087109,%EB%84%A4%EC%9D%B4%EB%B2%84_%EB%B8%94%EB%A1%9C%EA%B7%B8_20260503_(2).pdf,빅블루 요가,No,네이버 블로그,뉴나니,리뷰
"호흡리커버리, 초보도 편한 정렬 요가",2026년 5월 3일,,2026년 5월 8일,https://blog.naver.com/bluejazzdenim/224269696085,%EB%84%A4%EC%9D%B4%EB%B2%84_%EB%B8%94%EB%A1%9C%EA%B7%B8_20260503_(1).pdf,빅블루 요가,No,네이버 블로그,뫼르소나,리뷰
연희요가위크 시작 소식,2026년 4월 21일,,2026년 5월 8일,https://blog.naver.com/knr1156/224259587305,%EB%84%A4%EC%9D%B4%EB%B2%84_%EB%B8%94%EB%A1%9C%EA%B7%B8_20260421.pdf,빅블루 요가,No,네이버 블로그,모든걸사고싶은맘,리뷰
"2:1 고전 하타요가, 힘들지만 유연성 향상",2023년 8월 14일,,2026년 5월 8일,https://blog.naver.com/jisoolog_/223183346762,%EB%84%A4%EC%9D%B4%EB%B2%84_%EB%B8%94%EB%A1%9C%EA%B7%B8_20230814.pdf,아가르 스튜디오,No,네이버 블로그,jisoolog,리뷰
아가르 요가 9/29 워크숍 안내,2024년 9월 23일,,2026년 5월 8일,https://blog.naver.com/hwayoungpark-/223593441925,%EB%84%A4%EC%9D%B4%EB%B2%84_%EB%B8%94%EB%A1%9C%EA%B7%B8_20240923.pdf,아가르 스튜디오,No,네이버 블로그,hwayoungpark-,홍보
"3시간 빡센 수련, 성취감 짜릿",2023년 8월 27일,,2026년 5월 8일,https://blog.naver.com/mutzimhn/223194907169,%EB%84%A4%EC%9D%B4%EB%B2%84_%EB%B8%94%EB%A1%9C%EA%B7%B8_20230827.pdf,아가르 스튜디오,No,네이버 블로그,hanna wangmutzim,리뷰
"7번째 방문, 마지막 수업도 만족",2026년 5월 8일,,2026년 5월 8일,https://www.obud.co/place/yogaweek-yeonhui?tab=review,%EC%98%A4%EB%B6%93_20260508.pdf,빅블루 요가,No,오붓,d******,리뷰
"커플요가 원데이, 깊은 분위기·진심 지도",2023년 6월 12일,,2026년 5월 8일,https://www.frip.co.kr/hosts/19593/reviews,%ED%94%84%EB%A6%BD_20230612.pdf,아가르 스튜디오,No,프립,소맹,리뷰
초보도 힐링한 맞춤 아사나 요가 수업,2023년 3월 16일,,2026년 5월 8일,https://www.frip.co.kr/hosts/19593/reviews,%ED%94%84%EB%A6%BD_20230316.pdf,아가르 스튜디오,No,프립,도망가자산으로,리뷰
"호흡 중심 수업, 마음 편안해져 재방문 의지",2022년 12월 20일,,2026년 5월 8일,https://www.frip.co.kr/hosts/19593/reviews,%ED%94%84%EB%A6%BD_20221220.pdf,하진 아가르 스튜디오,No,프립,js,리뷰
"호흡부터 친절히, 몸이 개운해지는 요가",2022년 11월 19일,,2026년 5월 7일 오후 9:54 (GMT+9),https://www.sssd.co.kr/m/author/home/MjQ2NDI5ODk1Nw==,%EC%86%9C%EC%94%A8%EB%8B%B9_20221119.pdf,하진 아가르 스튜디오,No,솜씨당,문지문,리뷰
"정교한 정렬, 친절·꼼꼼한 지도",2025년 8월 19일,,2026년 5월 7일 오후 9:54 (GMT+9),https://www.sssd.co.kr/m/author/home/MjQ2NDI5ODk1Nw==,%EC%86%9C%EC%94%A8%EB%8B%B9_20250819.pdf,빅블루 요가,No,솜씨당,maryfromlove,리뷰
호흡까지 꼼꼼한 원데이 요가 수업,2022년 12월 3일,,2026년 5월 7일 오후 9:54 (GMT+9),https://www.sssd.co.kr/m/author/home/MjQ2NDI5ODk1Nw==,%EC%86%9C%EC%94%A8%EB%8B%B9_20221203.pdf,하진 아가르 스튜디오,No,솜씨당,응갱갱,리뷰
"친절한 안내, 새롭고 재밌던 정렬·호흡 수련",2025년 12월 25일,,2026년 5월 7일 오후 9:54 (GMT+9),https://www.sssd.co.kr/m/author/home/MjQ2NDI5ODk1Nw==,%EC%86%9C%EC%94%A8%EB%8B%B9_20251225.pdf,빅블루 요가,No,솜씨당,축제커피친구1,리뷰
"소규모 맞춤 지도, 알찬 원데이 요가",2022년 11월 26일,,2026년 5월 7일 오후 9:54 (GMT+9),https://www.sssd.co.kr/m/author/home/MjQ2NDI5ODk1Nw==,%EC%86%9C%EC%94%A8%EB%8B%B9_20221126.pdf,하진 아가르 스튜디오,No,솜씨당,수진전,리뷰
"나무향 가득, 초보도 쉬운 친절한 요가",2023년 4월 9일,,2026년 5월 7일 오후 9:54 (GMT+9),https://www.sssd.co.kr/m/author/home/MjQ2NDI5ODk1Nw==,%EC%86%9C%EC%94%A8%EB%8B%B9_20230409.pdf,아가르 스튜디오,No,솜씨당,고마운비타민정제,리뷰
자세 세밀히 교정해 몰입되는 수련,2024년 10월 24일,,2026년 5월 7일 오후 9:54 (GMT+9),https://www.sssd.co.kr/m/author/home/MjQ2NDI5ODk1Nw==,%EC%86%9C%EC%94%A8%EB%8B%B9_20241024.pdf,아가르 스튜디오,No,솜씨당,Kelsey(정다운),리뷰
"강도 높은 수업, 몸상태 돌아본 후기",2024년 10월 27일,,2026년 5월 7일 오후 9:54 (GMT+9),https://www.sssd.co.kr/m/author/home/MjQ2NDI5ODk1Nw==,%EC%86%9C%EC%94%A8%EB%8B%B9_20241027.pdf,아가르 스튜디오,No,솜씨당,비익조,리뷰
친절한 설명에 몸이 시원한 요가,2023년 12월 29일,,2026년 5월 7일 오후 9:54 (GMT+9),https://www.sssd.co.kr/m/author/home/MjQ2NDI5ODk1Nw==,%EC%86%9C%EC%94%A8%EB%8B%B9_20231229.pdf,아가르 스튜디오,No,솜씨당,탈퇴한사용자,리뷰
"쾌적한 소그룹, 세심한 지도에 재방문 100",2023년 8월 27일,,2026년 5월 7일 오후 9:54 (GMT+9),https://www.sssd.co.kr/m/author/home/MjQ2NDI5ODk1Nw==,%EC%86%9C%EC%94%A8%EB%8B%B9_20230827.pdf,아가르 스튜디오,No,솜씨당,깔끔한독수리2,리뷰
"초보도 만족, 척추 요가로 허리 펴짐",2024년 7월 8일,,2026년 5월 7일 오후 9:54 (GMT+9),https://www.sssd.co.kr/m/author/home/MjQ2NDI5ODk1Nw==,%EC%86%9C%EC%94%A8%EB%8B%B9_20240708.pdf,아가르 스튜디오,No,솜씨당,슬픈야쿠르트3,리뷰
허리통증 원인 찾고 자세 교정 도움,2023년 9월 9일,,2026년 5월 7일 오후 9:54 (GMT+9),https://www.sssd.co.kr/m/author/home/MjQ2NDI5ODk1Nw==,%EC%86%9C%EC%94%A8%EB%8B%B9_20230909.pdf,아가르 스튜디오,No,솜씨당,깡소,리뷰
깊게 자극하는 2시간 요가 원데이,2023년 7월 5일,,2026년 5월 7일 오후 9:54 (GMT+9),https://www.sssd.co.kr/m/author/home/MjQ2NDI5ODk1Nw==,%EC%86%9C%EC%94%A8%EB%8B%B9_20230705.pdf,아가르 스튜디오,No,솜씨당,전주비타민향미로1,리뷰
"초보도 디테일 코칭, 유연성 변화",2023년 9월 4일,,2026년 5월 7일 오후 9:54 (GMT+9),https://www.sssd.co.kr/m/author/home/MjQ2NDI5ODk1Nw==,%EC%86%9C%EC%94%A8%EB%8B%B9_20230904.pdf,아가르 스튜디오,No,솜씨당,태양분식매니아1,리뷰
"철학 깊은 선생님, 평온한 수련",2023년 12월 9일,,2026년 5월 7일 오후 9:54 (GMT+9),https://www.sssd.co.kr/m/author/home/MjQ2NDI5ODk1Nw==,%EC%86%9C%EC%94%A8%EB%8B%B9_20231209.pdf,아가르 스튜디오,No,솜씨당,20201986,리뷰
"힘들지만 개운한 소그룹 요가, 적극 추천",2024년 6월 3일,,2026년 5월 7일 오후 9:54 (GMT+9),https://www.sssd.co.kr/m/author/home/MjQ2NDI5ODk1Nw==,%EC%86%9C%EC%94%A8%EB%8B%B9_20240603.pdf,아가르 스튜디오,No,솜씨당,달달한송부퍼3,리뷰
"세세한 근육 풀림, 또 오고싶은 수업",2024년 10월 3일,,2026년 5월 7일 오후 9:54 (GMT+9),https://www.sssd.co.kr/m/author/home/MjQ2NDI5ODk1Nw==,%EC%86%9C%EC%94%A8%EB%8B%B9_20241003.pdf,아가르 스튜디오,No,솜씨당,친절한딱다구리3,리뷰
"두 선생님 덕에 유익한 수련, 재방문 의사",2024년 8월 11일,,2026년 5월 7일 오후 9:54 (GMT+9),https://www.sssd.co.kr/m/author/home/MjQ2NDI5ODk1Nw==,%EC%86%9C%EC%94%A8%EB%8B%B9_20240811.pdf,아가르 스튜디오,No,솜씨당,망고빙수수,리뷰
"느린 기본동작으로 깊은 이완, 자세를 꼼꼼히 봐줌",2024년 6월 5일,,2026년 5월 7일 오후 9:54 (GMT+9),https://www.sssd.co.kr/m/author/home/MjQ2NDI5ODk1Nw==,%EC%86%9C%EC%94%A8%EB%8B%B9_20240605.pdf,아가르 스튜디오,No,솜씨당,킹카피파자빈,리뷰
"차분한 두 강사, 맞춤 난이도 힐링 요가",2024년 6월 9일,,2026년 5월 7일 오후 9:54 (GMT+9),https://www.sssd.co.kr/m/author/home/MjQ2NDI5ODk1Nw==,%EC%86%9C%EC%94%A8%EB%8B%B9_20240609_(1).pdf,아가르 스튜디오,No,솜씨당,사과푸딩,리뷰
소그룹이라 자세를 세세히 잡아줘 재등록함,2023년 9월 10일,,2026년 5월 7일 오후 9:54 (GMT+9),https://www.sssd.co.kr/m/author/home/MjQ2NDI5ODk1Nw==,%EC%86%9C%EC%94%A8%EB%8B%B9_20230910.pdf,아가르 스튜디오,No,솜씨당,어두운신용카드,리뷰
"꼼꼼한 지도, 마사지처럼 시원한 요가",2024년 6월 20일,,2026년 5월 7일 오후 9:54 (GMT+9),https://www.sssd.co.kr/m/author/home/MjQ2NDI5ODk1Nw==,%EC%86%9C%EC%94%A8%EB%8B%B9_20240620.pdf,아가르 스튜디오,No,솜씨당,아홉번째표범2,리뷰
"인도 수련 강사, 초보도 편한 원데이 요가",2023년 4월 11일,,2026년 5월 7일 오후 9:54 (GMT+9),https://www.sssd.co.kr/m/author/home/MjQ2NDI5ODk1Nw==,%EC%86%9C%EC%94%A8%EB%8B%B9_20230411.pdf,아가르 스튜디오,No,솜씨당,쏘삐,리뷰
"운동량 많은 소그룹 요가, 꼭 해보세요",2024년 7월 4일,,2026년 5월 7일 오후 9:54 (GMT+9),https://www.sssd.co.kr/m/author/home/MjQ2NDI5ODk1Nw==,%EC%86%9C%EC%94%A8%EB%8B%B9_20240704.pdf,아가르 스튜디오,No,솜씨당,강남삼겹과백반2,리뷰
초보도 편한 섬세한 소그룹 요가,2024년 6월 9일,,2026년 5월 7일 오후 9:54 (GMT+9),https://www.sssd.co.kr/m/author/home/MjQ2NDI5ODk1Nw==,%EC%86%9C%EC%94%A8%EB%8B%B9_20240609_(2).pdf,아가르 스튜디오,No,솜씨당,웰컴미국오리4,리뷰
수업 구성 탄탄해 만족스러운 요가,2023년 11월 7일,,2026년 5월 7일 오후 9:54 (GMT+9),https://www.sssd.co.kr/m/author/home/MjQ2NDI5ODk1Nw==,%EC%86%9C%EC%94%A8%EB%8B%B9_20231107.pdf,아가르 스튜디오,No,솜씨당,노랑아기소바2,리뷰
초보도 칭찬받는 친절한 소그룹 요가,2024년 2월 6일,,2026년 5월 7일 오후 9:54 (GMT+9),https://www.sssd.co.kr/m/author/home/MjQ2NDI5ODk1Nw==,%EC%86%9C%EC%94%A8%EB%8B%B9_20240206.pdf,아가르 스튜디오,No,솜씨당,미나11,리뷰
"2시간 표기인데 70분, 스트레칭만",2025년 3월 15일,,2026년 5월 7일 오후 9:54 (GMT+9),https://www.sssd.co.kr/m/author/home/MjQ2NDI5ODk1Nw==,%EC%86%9C%EC%94%A8%EB%8B%B9_20250315.pdf,빅블루 요가,No,솜씨당,원조연탄불구이촌6,리뷰
"세심한 맞춤 지도, 거북목 개선",2023년 7월 23일,,2026년 5월 7일 오후 9:54 (GMT+9),"https://map.naver.com/p/entry/place/1640628058?c=14.70,0,0,0,dh&placePath=/review?additionalHeight=76&from=map&fromPanelNum=1&locale=ko&svcName=map_pcv5&timestamp=202605072149&reviewSort=recent&photoUsed=true&additionalHeight=76",%EB%84%A4%EC%9D%B4%EB%B2%84_20230723.pdf,아가르 스튜디오,No,네이버 플레이스,paul9701,리뷰
맞춤 지도 덕에 호흡·몸 변화 느낀 소수정예 요가,2023년 7월 27일,,2026년 5월 7일 오후 9:54 (GMT+9),"https://map.naver.com/p/entry/place/1640628058?c=14.70,0,0,0,dh&placePath=/review?additionalHeight=76&from=map&fromPanelNum=1&locale=ko&svcName=map_pcv5&timestamp=202605072149&reviewSort=recent&photoUsed=true&additionalHeight=76",%EB%84%A4%EC%9D%B4%EB%B2%84_20230727.pdf,아가르 스튜디오,No,네이버 플레이스,까미까미94,리뷰
"고전요가 본질 설명, 수련 후 개운함",2023년 8월 20일,,2026년 5월 7일 오후 9:54 (GMT+9),"https://map.naver.com/p/entry/place/1640628058?c=14.70,0,0,0,dh&placePath=/review?additionalHeight=76&from=map&fromPanelNum=1&locale=ko&svcName=map_pcv5&timestamp=202605072149&reviewSort=recent&photoUsed=true&additionalHeight=76",%EB%84%A4%EC%9D%B4%EB%B2%84_20230820.pdf,아가르 스튜디오,No,네이버 플레이스,log59,리뷰
"소수정예 맞춤지도, 깊게 몰입되는 오전 수련",2023년 8월 23일,,2026년 5월 7일 오후 9:54 (GMT+9),"https://map.naver.com/p/entry/place/1640628058?c=14.70,0,0,0,dh&placePath=/review?additionalHeight=76&from=map&fromPanelNum=1&locale=ko&svcName=map_pcv5&timestamp=202605072149&reviewSort=recent&photoUsed=true&additionalHeight=76",%EB%84%A4%EC%9D%B4%EB%B2%84_20230823.pdf,아가르 스튜디오,No,네이버 플레이스,WAACKO,리뷰
"예쁜 아늑한 공간, 소수정예 열정 수업",2023년 9월 4일,,2026년 5월 7일 오후 9:54 (GMT+9),"https://map.naver.com/p/entry/place/1640628058?c=14.70,0,0,0,dh&placePath=/review?additionalHeight=76&from=map&fromPanelNum=1&locale=ko&svcName=map_pcv5&timestamp=202605072149&reviewSort=recent&photoUsed=true&additionalHeight=76",%EB%84%A4%EC%9D%B4%EB%B2%84_20230904.pdf,아가르 스튜디오,No,네이버 플레이스,sun****,리뷰
가치판단 없이 안전한 대화모임,2023년 9월 18일,,2026년 5월 7일 오후 9:54 (GMT+9),"https://map.naver.com/p/entry/place/1640628058?c=14.70,0,0,0,dh&placePath=/review?additionalHeight=76&from=map&fromPanelNum=1&locale=ko&svcName=map_pcv5&timestamp=202605072149&reviewSort=recent&photoUsed=true&additionalHeight=76",%EB%84%A4%EC%9D%B4%EB%B2%84_20230918_(2).pdf,아가르 스튜디오,No,네이버 플레이스,hsm****,리뷰
마음과 감정 쉬어가는 아늑한 요가원,2023년 9월 18일,,2026년 5월 7일 오후 9:54 (GMT+9),"https://map.naver.com/p/entry/place/1640628058?c=14.70,0,0,0,dh&placePath=/review?additionalHeight=76&from=map&fromPanelNum=1&locale=ko&svcName=map_pcv5&timestamp=202605072149&reviewSort=recent&photoUsed=true&additionalHeight=76",%EB%84%A4%EC%9D%B4%EB%B2%84_20230918_(3).pdf,아가르 스튜디오,No,네이버 플레이스,로미로미화니화니,리뷰
편안한 분위기에서 속깊은 대화 모임,2023년 9월 18일,,2026년 5월 7일 오후 9:54 (GMT+9),"https://map.naver.com/p/entry/place/1640628058?c=14.70,0,0,0,dh&placePath=/review?additionalHeight=76&from=map&fromPanelNum=1&locale=ko&svcName=map_pcv5&timestamp=202605072149&reviewSort=recent&photoUsed=true&additionalHeight=76",%EB%84%A4%EC%9D%B4%EB%B2%84_20230918_(4).pdf,아가르 스튜디오,No,네이버 플레이스,JJJ2553,리뷰
"체계적·친절한 낮 수련, 재방문",2023년 9월 24일,,2026년 5월 7일 오후 9:54 (GMT+9),"https://map.naver.com/p/entry/place/1640628058?c=14.70,0,0,0,dh&placePath=/review?additionalHeight=76&from=map&fromPanelNum=1&locale=ko&svcName=map_pcv5&timestamp=202605072149&reviewSort=recent&photoUsed=true&additionalHeight=76",%EB%84%A4%EC%9D%B4%EB%B2%84_20230924.pdf,아가르 스튜디오,No,네이버 플레이스,Mm35,리뷰
남성도 추천한 초보 맞춤 요가,2023년 10월 8일,,2026년 5월 7일 오후 9:54 (GMT+9),"https://map.naver.com/p/entry/place/1640628058?c=14.70,0,0,0,dh&placePath=/review?additionalHeight=76&from=map&fromPanelNum=1&locale=ko&svcName=map_pcv5&timestamp=202605072149&reviewSort=recent&photoUsed=true&additionalHeight=76",%EB%84%A4%EC%9D%B4%EB%B2%84_20231008.pdf,아가르 스튜디오,No,네이버 플레이스,으후,리뷰
"2번째 방문, 세심한 자세 케어로 개운한 아침반",2023년 10월 9일,,2026년 5월 7일 오후 9:54 (GMT+9),"https://map.naver.com/p/entry/place/1640628058?c=14.70,0,0,0,dh&placePath=/review?additionalHeight=76&from=map&fromPanelNum=1&locale=ko&svcName=map_pcv5&timestamp=202605072149&reviewSort=recent&photoUsed=true&additionalHeight=76",%EB%84%A4%EC%9D%B4%EB%B2%84_20231009_(1).pdf,아가르 스튜디오,No,네이버 플레이스,hsm****,리뷰
"전통요가 주말수련, 계속 다니고 싶음",2023년 10월 9일,,2026년 5월 7일 오후 9:54 (GMT+9),"https://map.naver.com/p/entry/place/1640628058?c=14.70,0,0,0,dh&placePath=/review?additionalHeight=76&from=map&fromPanelNum=1&locale=ko&svcName=map_pcv5&timestamp=202605072149&reviewSort=recent&photoUsed=true&additionalHeight=76",%EB%84%A4%EC%9D%B4%EB%B2%84_20231009_(2).pdf,아가르 스튜디오,No,네이버 플레이스,튼튼,리뷰
"친절한 지도, 자세 꼼꼼히 봐주는 요가",2023년 10월 20일,,2026년 5월 7일 오후 9:54 (GMT+9),"https://map.naver.com/p/entry/place/1640628058?c=14.70,0,0,0,dh&placePath=/review?additionalHeight=76&from=map&fromPanelNum=1&locale=ko&svcName=map_pcv5&timestamp=202605072149&reviewSort=recent&photoUsed=true&additionalHeight=76",%EB%84%A4%EC%9D%B4%EB%B2%84_20231020.pdf,아가르 스튜디오,No,네이버 플레이스,검9888,리뷰
"2번째 방문도 만족, 맞춤 케어·자세 꼼꼼",2023년 10월 27일,,2026년 5월 7일 오후 9:54 (GMT+9),"https://map.naver.com/p/entry/place/1640628058?c=14.70,0,0,0,dh&placePath=/review?additionalHeight=76&from=map&fromPanelNum=1&locale=ko&svcName=map_pcv5&timestamp=202605072149&reviewSort=recent&photoUsed=true&additionalHeight=76",%EB%84%A4%EC%9D%B4%EB%B2%84_20231027.pdf,아가르 스튜디오,No,네이버 플레이스,검9888,리뷰
"따뜻한 분위기, 개운한 낮 수련반 등록",2023년 11월 19일,,2026년 5월 7일 오후 9:54 (GMT+9),"https://map.naver.com/p/entry/place/1640628058?c=14.70,0,0,0,dh&placePath=/review?additionalHeight=76&from=map&fromPanelNum=1&locale=ko&svcName=map_pcv5&timestamp=202605072149&reviewSort=recent&photoUsed=true&additionalHeight=76",%EB%84%A4%EC%9D%B4%EB%B2%84_20231119.pdf,아가르 스튜디오,No,네이버 플레이스,o10****,리뷰
"친절한 맞춤 케어, 체계적 요가 수련",2023년 11월 21일,,2026년 5월 7일 오후 9:54 (GMT+9),"https://map.naver.com/p/entry/place/1640628058?c=14.70,0,0,0,dh&placePath=/review?additionalHeight=76&from=map&fromPanelNum=1&locale=ko&svcName=map_pcv5&timestamp=202605072149&reviewSort=recent&photoUsed=true&additionalHeight=76",%EB%84%A4%EC%9D%B4%EB%B2%84_20231121.pdf,아가르 스튜디오,No,네이버 플레이스,검9888,리뷰
모든 자세 의미까지 짚어주는 맞춤 케어,2023년 11월 30일,,2026년 5월 7일 오후 9:54 (GMT+9),"https://map.naver.com/p/entry/place/1640628058?c=14.70,0,0,0,dh&placePath=/review?additionalHeight=76&from=map&fromPanelNum=1&locale=ko&svcName=map_pcv5&timestamp=202605072149&reviewSort=recent&photoUsed=true&additionalHeight=76",%EB%84%A4%EC%9D%B4%EB%B2%84_20231130.pdf,아가르 스튜디오,No,네이버 플레이스,sha****,리뷰
주3회 단골도 만족한 친절 맞춤 케어,2023년 12월 18일,,2026년 5월 7일 오후 9:54 (GMT+9),"https://map.naver.com/p/entry/place/1640628058?c=14.70,0,0,0,dh&placePath=/review?additionalHeight=76&from=map&fromPanelNum=1&locale=ko&svcName=map_pcv5&timestamp=202605072149&reviewSort=recent&photoUsed=true&additionalHeight=76",%EB%84%A4%EC%9D%B4%EB%B2%84_20231218.pdf,아가르 스튜디오,No,네이버 플레이스,검9888,리뷰
"낮 수련반, 명상 좋고 맞춤 케어",2024년 1월 22일,,2026년 5월 7일 오후 9:54 (GMT+9),"https://map.naver.com/p/entry/place/1640628058?c=14.70,0,0,0,dh&placePath=/review?additionalHeight=76&from=map&fromPanelNum=1&locale=ko&svcName=map_pcv5&timestamp=202605072149&reviewSort=recent&photoUsed=true&additionalHeight=76",%EB%84%A4%EC%9D%B4%EB%B2%84_20240122.pdf,아가르 스튜디오,No,네이버 플레이스,검9888,리뷰
"아침 수련, 나무향·햇살·티타임 힐링",2024년 1월 23일,,2026년 5월 7일 오후 9:54 (GMT+9),"https://map.naver.com/p/entry/place/1640628058?c=14.70,0,0,0,dh&placePath=/review?additionalHeight=76&from=map&fromPanelNum=1&locale=ko&svcName=map_pcv5&timestamp=202605072149&reviewSort=recent&photoUsed=true&additionalHeight=76",%EB%84%A4%EC%9D%B4%EB%B2%84_20240123.pdf,아가르 스튜디오,No,네이버 플레이스,노랑나비7128,리뷰
"친절한 맞춤 케어, 자세 꼼꼼히 봐줌",2024년 4월 2일,,2026년 5월 7일 오후 9:54 (GMT+9),"https://map.naver.com/p/entry/place/1640628058?c=14.70,0,0,0,dh&placePath=/review?additionalHeight=76&from=map&fromPanelNum=1&locale=ko&svcName=map_pcv5&timestamp=202605072149&reviewSort=recent&photoUsed=true&additionalHeight=76",%EB%84%A4%EC%9D%B4%EB%B2%84_20240402.pdf,아가르 스튜디오,No,네이버 플레이스,톡기,리뷰
초보도 편하게 지도받는 깊이 있는 요가,2024년 5월 7일,,2026년 5월 7일 오후 9:54 (GMT+9),"https://map.naver.com/p/entry/place/1640628058?c=14.70,0,0,0,dh&placePath=/review?additionalHeight=76&from=map&fromPanelNum=1&locale=ko&svcName=map_pcv5&timestamp=202605072149&reviewSort=recent&photoUsed=true&additionalHeight=76",%EB%84%A4%EC%9D%B4%EB%B2%84_20240507.pdf,아가르 스튜디오,No,네이버 플레이스,노랑나비7128,리뷰
"낮 수련반, 꼼꼼한 티칭에 통증 완화",2024년 6월 1일,,2026년 5월 7일 오후 9:54 (GMT+9),"https://map.naver.com/p/entry/place/1640628058?c=14.70,0,0,0,dh&placePath=/review?additionalHeight=76&from=map&fromPanelNum=1&locale=ko&svcName=map_pcv5&timestamp=202605072149&reviewSort=recent&photoUsed=true&additionalHeight=76",%EB%84%A4%EC%9D%B4%EB%B2%84_20240601.pdf,아가르 스튜디오,No,네이버 플레이스,한폭의빛,리뷰
"아침 수련반, 편안한 분위기·맞춤 케어",2024년 8월 7일,,2026년 5월 7일 오후 9:54 (GMT+9),"https://map.naver.com/p/entry/place/1640628058?c=14.70,0,0,0,dh&placePath=/review?additionalHeight=76&from=map&fromPanelNum=1&locale=ko&svcName=map_pcv5&timestamp=202605072149&reviewSort=recent&photoUsed=true&additionalHeight=76",%EB%84%A4%EC%9D%B4%EB%B2%84_20240807.pdf,아가르 스튜디오,No,네이버 플레이스,노랑나비7128,리뷰
"낮 수련반, 자세 꼼꼼한 맞춤 케어",2024년 8월 15일,,2026년 5월 7일 오후 9:54 (GMT+9),"https://map.naver.com/p/entry/place/1640628058?c=14.70,0,0,0,dh&placePath=/review?additionalHeight=76&from=map&fromPanelNum=1&locale=ko&svcName=map_pcv5&timestamp=202605072149&reviewSort=recent&photoUsed=true&additionalHeight=76",%EB%84%A4%EC%9D%B4%EB%B2%84_20240815.pdf,아가르 스튜디오,No,네이버 플레이스,풀꽃89,리뷰
"따뜻한 지도, 몰입되는 요가 수련",2024년 11월 26일,,2026년 5월 7일 오후 9:54 (GMT+9),"https://map.naver.com/p/entry/place/1640628058?c=14.70,0,0,0,dh&placePath=/review?additionalHeight=76&from=map&fromPanelNum=1&locale=ko&svcName=map_pcv5&timestamp=202605072149&reviewSort=recent&photoUsed=true&additionalHeight=76",%EB%84%A4%EC%9D%B4%EB%B2%84_20241126.pdf,아가르 스튜디오,No,네이버 플레이스,envy5555,리뷰
"호흡 맞춘 속도 조절, 명상같은 수련",2024년 12월 17일,,2026년 5월 7일 오후 9:54 (GMT+9),"https://map.naver.com/p/entry/place/1640628058?c=14.70,0,0,0,dh&placePath=/review?additionalHeight=76&from=map&fromPanelNum=1&locale=ko&svcName=map_pcv5&timestamp=202605072149&reviewSort=recent&photoUsed=true&additionalHeight=76",%EB%84%A4%EC%9D%B4%EB%B2%84_20241217.pdf,아가르 스튜디오,No,네이버 플레이스,비아플래닛,리뷰
"맞춤 케어로 허리통증·자세 개선, 꾸준히 다닐 곳",2024년 12월 28일,,2026년 5월 7일 오후 9:54 (GMT+9),"https://map.naver.com/p/entry/place/1640628058?c=14.70,0,0,0,dh&placePath=/review?additionalHeight=76&from=map&fromPanelNum=1&locale=ko&svcName=map_pcv5&timestamp=202605072149&reviewSort=recent&photoUsed=true&additionalHeight=76",%EB%84%A4%EC%9D%B4%EB%B2%84_20241228.pdf,아가르 스튜디오,No,네이버 플레이스,비카81,리뷰
"5번째 방문, 통증 줄고 몸이 깨어난 수련",2025년 2월 5일,,2026년 5월 7일 오후 9:54 (GMT+9),"https://map.naver.com/p/entry/place/1640628058?c=14.70,0,0,0,dh&placePath=/review?additionalHeight=76&from=map&fromPanelNum=1&locale=ko&svcName=map_pcv5&timestamp=202605072149&reviewSort=recent&photoUsed=true&additionalHeight=76",%EB%84%A4%EC%9D%B4%EB%B2%84_20250205.pdf,빅블루 요가,No,네이버 플레이스,mintmint,리뷰
"친절한 맞춤 자세교정, 건강해져요",2025년 2월 16일,,2026년 5월 7일 오후 9:54 (GMT+9),"https://map.naver.com/p/entry/place/1640628058?c=14.70,0,0,0,dh&placePath=/review?additionalHeight=76&from=map&fromPanelNum=1&locale=ko&svcName=map_pcv5&timestamp=202605072149&reviewSort=recent&photoUsed=true&additionalHeight=76",%EB%84%A4%EC%9D%B4%EB%B2%84_20250216.pdf,빅블루 요가,No,네이버 플레이스,아웅주희,리뷰
"친절한 맞춤 케어, 자세 꼼꼼한 수업",2025년 2월 18일,,2026년 5월 7일 오후 9:54 (GMT+9),"https://map.naver.com/p/entry/place/1640628058?c=14.70,0,0,0,dh&placePath=/review?additionalHeight=76&from=map&fromPanelNum=1&locale=ko&svcName=map_pcv5&timestamp=202605072149&reviewSort=recent&photoUsed=true&additionalHeight=76",%EB%84%A4%EC%9D%B4%EB%B2%84_20250218.pdf,빅블루 요가,No,네이버 플레이스,Miela51,리뷰
"차분한 설명·교정, 2번째 방문 만족",2025년 2월 24일,,2026년 5월 7일 오후 9:54 (GMT+9),"https://map.naver.com/p/entry/place/1640628058?c=14.70,0,0,0,dh&placePath=/review?additionalHeight=76&from=map&fromPanelNum=1&locale=ko&svcName=map_pcv5&timestamp=202605072149&reviewSort=recent&photoUsed=true&additionalHeight=76",%EB%84%A4%EC%9D%B4%EB%B2%84_20250224.pdf,빅블루 요가,No,네이버 플레이스,jaehwa1209,리뷰
몸 긴장 풀리고 유연성 늘어난 요가,2025년 2월 25일,,2026년 5월 7일 오후 9:54 (GMT+9),"https://map.naver.com/p/entry/place/1640628058?c=14.70,0,0,0,dh&placePath=/review?additionalHeight=76&from=map&fromPanelNum=1&locale=ko&svcName=map_pcv5&timestamp=202605072149&reviewSort=recent&photoUsed=true&additionalHeight=76",%EB%84%A4%EC%9D%B4%EB%B2%84_20250225.pdf,빅블루 요가,No,네이버 플레이스,mio****,리뷰
"4번째 방문, 맞춤 케어로 몸·마음 가벼워짐",2025년 2월 27일,,2026년 5월 7일 오후 9:54 (GMT+9),"https://map.naver.com/p/entry/place/1640628058?c=14.70,0,0,0,dh&placePath=/review?additionalHeight=76&from=map&fromPanelNum=1&locale=ko&svcName=map_pcv5&timestamp=202605072149&reviewSort=recent&photoUsed=true&additionalHeight=76",%EB%84%A4%EC%9D%B4%EB%B2%84_20250227.pdf,빅블루 요가,No,네이버 플레이스,eze****,리뷰
영혼의 사랑방 같은 따뜻한 요가 수련,2025년 3월 9일,,2026년 5월 7일 오후 9:54 (GMT+9),"https://map.naver.com/p/entry/place/1640628058?c=14.70,0,0,0,dh&placePath=/review?additionalHeight=76&from=map&fromPanelNum=1&locale=ko&svcName=map_pcv5&timestamp=202605072149&reviewSort=recent&photoUsed=true&additionalHeight=76",%EB%84%A4%EC%9D%B4%EB%B2%84_20250309.pdf,빅블루 요가,No,네이버 플레이스,mintmint,리뷰
맞춤 케어로 개운해지는 요가 수련,2025년 4월 5일,,2026년 5월 7일 오후 9:54 (GMT+9),"https://map.naver.com/p/entry/place/1640628058?c=14.70,0,0,0,dh&placePath=/review?additionalHeight=76&from=map&fromPanelNum=1&locale=ko&svcName=map_pcv5&timestamp=202605072149&reviewSort=recent&photoUsed=true&additionalHeight=76",%EB%84%A4%EC%9D%B4%EB%B2%84_20250405.pdf,빅블루 요가,No,네이버 플레이스,ones,리뷰
어깨·허리 불편 개선한 맞춤 요가,2025년 7월 24일,,2026년 5월 7일 오후 9:54 (GMT+9),"https://map.naver.com/p/entry/place/1640628058?c=14.70,0,0,0,dh&placePath=/review?additionalHeight=76&from=map&fromPanelNum=1&locale=ko&svcName=map_pcv5&timestamp=202605072149&reviewSort=recent&photoUsed=true&additionalHeight=76",%EB%84%A4%EC%9D%B4%EB%B2%84_20250724.pdf,빅블루 요가,No,네이버 플레이스,zzun2zz,리뷰
1년 수련으로 골반 정렬·통증 완화,2025년 7월 27일,,2026년 5월 7일 오후 9:54 (GMT+9),"https://map.naver.com/p/entry/place/1640628058?c=14.70,0,0,0,dh&placePath=/review?additionalHeight=76&from=map&fromPanelNum=1&locale=ko&svcName=map_pcv5&timestamp=202605072149&reviewSort=recent&photoUsed=true&additionalHeight=76",%EB%84%A4%EC%9D%B4%EB%B2%84_20250727.pdf,빅블루 요가,No,네이버 플레이스,envy5555,리뷰
섬세한 맞춤 정렬로 통증 완화,2025년 7월 28일,,2026년 5월 7일 오후 9:54 (GMT+9),"https://map.naver.com/p/entry/place/1640628058?c=14.70,0,0,0,dh&placePath=/review?additionalHeight=76&from=map&fromPanelNum=1&locale=ko&svcName=map_pcv5&timestamp=202605072149&reviewSort=recent&photoUsed=true&additionalHeight=76",%EB%84%A4%EC%9D%B4%EB%B2%84_20250728.pdf,빅블루 요가,No,네이버 플레이스,JH6451,리뷰
첫 방문에도 꼼꼼히 봐주는 맞춤 요가,2025년 7월 30일,,2026년 5월 7일 오후 9:54 (GMT+9),"https://map.naver.com/p/entry/place/1640628058?c=14.70,0,0,0,dh&placePath=/review?additionalHeight=76&from=map&fromPanelNum=1&locale=ko&svcName=map_pcv5&timestamp=202605072149&reviewSort=recent&photoUsed=true&additionalHeight=76",%EB%84%A4%EC%9D%B4%EB%B2%84_20250730_(1).pdf,빅블루 요가,No,네이버 플레이스,고래밥58,리뷰
근육 풀리고 집중력도 좋아진 요가,2025년 7월 30일,,2026년 5월 7일 오후 9:54 (GMT+9),"https://map.naver.com/p/entry/place/1640628058?c=14.70,0,0,0,dh&placePath=/review?additionalHeight=76&from=map&fromPanelNum=1&locale=ko&svcName=map_pcv5&timestamp=202605072149&reviewSort=recent&photoUsed=true&additionalHeight=76",%EB%84%A4%EC%9D%B4%EB%B2%84_20250730_(2).pdf,빅블루 요가,No,네이버 플레이스,ghhhhhhh1,리뷰
"허리디스크도 안심, 맞춤 요가 케어",2025년 7월 30일,,2026년 5월 7일 오후 9:54 (GMT+9),"https://map.naver.com/p/entry/place/1640628058?c=14.70,0,0,0,dh&placePath=/review?additionalHeight=76&from=map&fromPanelNum=1&locale=ko&svcName=map_pcv5&timestamp=202605072149&reviewSort=recent&photoUsed=true&additionalHeight=76",%EB%84%A4%EC%9D%B4%EB%B2%84_20250730_(3).pdf,빅블루 요가,No,네이버 플레이스,jhn****,리뷰
자세 펴지고 어깨 풀린 체계적 수련(2번째 방문),2025년 10월 31일,,2026년 5월 7일 오후 9:54 (GMT+9),"https://map.naver.com/p/entry/place/1640628058?c=14.70,0,0,0,dh&placePath=/review?additionalHeight=76&from=map&fromPanelNum=1&locale=ko&svcName=map_pcv5&timestamp=202605072149&reviewSort=recent&photoUsed=true&additionalHeight=76",%EB%84%A4%EC%9D%B4%EB%B2%84_20251031.pdf,빅블루 요가,No,네이버 플레이스,숨은맛집찾기전문가,리뷰
첫 방문에도 힐링되는 친절한 요가 수업,2025년 12월 3일,,2026년 5월 7일 오후 9:54 (GMT+9),"https://map.naver.com/p/entry/place/1640628058?c=14.70,0,0,0,dh&placePath=/review?additionalHeight=76&from=map&fromPanelNum=1&locale=ko&svcName=map_pcv5&timestamp=202605072149&reviewSort=recent&photoUsed=true&additionalHeight=76",%EB%84%A4%EC%9D%B4%EB%B2%84_20251203.pdf,빅블루 요가,No,네이버 플레이스,꾸바로우,리뷰
맞춤 케어로 자세 교정 도움된 요가,2026년 2월 20일,,2026년 5월 7일 오후 9:54 (GMT+9),"https://map.naver.com/p/entry/place/1640628058?c=14.70,0,0,0,dh&placePath=/review?additionalHeight=76&from=map&fromPanelNum=1&locale=ko&svcName=map_pcv5&timestamp=202605072149&reviewSort=recent&photoUsed=true&additionalHeight=76",%EB%84%A4%EC%9D%B4%EB%B2%84_20260220.pdf,빅블루 요가,No,네이버 플레이스,ButterPark,리뷰
"8번째 방문, 친절하고 꼼꼼한 수업",2026년 3월 10일,,2026년 5월 7일 오후 9:54 (GMT+9),"https://map.naver.com/p/entry/place/1640628058?c=14.70,0,0,0,dh&placePath=/review?additionalHeight=76&from=map&fromPanelNum=1&locale=ko&svcName=map_pcv5&timestamp=202605072149&reviewSort=recent&photoUsed=true&additionalHeight=76",%EB%84%A4%EC%9D%B4%EB%B2%84_20260310.pdf,빅블루 요가,No,네이버 플레이스,JH6451,리뷰
"3번째 방문, 호흡·자세 꼼꼼 지도",2026년 3월 16일,,2026년 5월 7일 오후 9:54 (GMT+9),"https://map.naver.com/p/entry/place/1640628058?c=14.70,0,0,0,dh&placePath=/review?additionalHeight=76&from=map&fromPanelNum=1&locale=ko&svcName=map_pcv5&timestamp=202605072149&reviewSort=recent&photoUsed=true&additionalHeight=76",%EB%84%A4%EC%9D%B4%EB%B2%84_20260316.pdf,빅블루 요가,No,네이버 플레이스,jaehwa1209,리뷰
다치지 않는 정렬로 꾸준히 성장한 요가 수련,2026년 4월 8일,,2026년 5월 7일 오후 9:54 (GMT+9),"https://map.naver.com/p/entry/place/1640628058?c=14.70,0,0,0,dh&placePath=/review?additionalHeight=76&from=map&fromPanelNum=1&locale=ko&svcName=map_pcv5&timestamp=202605072149&reviewSort=recent&photoUsed=true&additionalHeight=76",%EB%84%A4%EC%9D%B4%EB%B2%84_20260408.pdf,빅블루 요가,No,네이버 플레이스,검9888,리뷰
"원데이 후 개운, 디테일한 자세 교정",2026년 4월 15일,,2026년 5월 7일 오후 9:54 (GMT+9),"https://map.naver.com/p/entry/place/1640628058?c=14.70,0,0,0,dh&placePath=/review?additionalHeight=76&from=map&fromPanelNum=1&locale=ko&svcName=map_pcv5&timestamp=202605072149&reviewSort=recent&photoUsed=true&additionalHeight=76",%EB%84%A4%EC%9D%B4%EB%B2%84_20260415.pdf,빅블루 요가,No,네이버 플레이스,volarhasta,리뷰
시원하고 맞춤 케어 좋은 요가 수업,2026년 4월 16일,,2026년 5월 7일 오후 9:54 (GMT+9),"https://map.naver.com/p/entry/place/1640628058?c=14.70,0,0,0,dh&placePath=/review?additionalHeight=76&from=map&fromPanelNum=1&locale=ko&svcName=map_pcv5&timestamp=202605072149&reviewSort=recent&photoUsed=true&additionalHeight=76",%EB%84%A4%EC%9D%B4%EB%B2%84_20260416_(1).pdf,빅블루 요가,No,네이버 플레이스,edj****,리뷰
마사지처럼 개운한 맞춤 케어 요가,2026년 4월 16일,,2026년 5월 7일 오후 9:54 (GMT+9),"https://map.naver.com/p/entry/place/1640628058?c=14.70,0,0,0,dh&placePath=/review?additionalHeight=76&from=map&fromPanelNum=1&locale=ko&svcName=map_pcv5&timestamp=202605072149&reviewSort=recent&photoUsed=true&additionalHeight=76",%EB%84%A4%EC%9D%B4%EB%B2%84_20260416_(2).pdf,빅블루 요가,No,네이버 플레이스,paul9701,리뷰
"1일권도 빡센 운동, 원장님 자세한 지도",2026년 4월 18일,,2026년 5월 7일 오후 9:54 (GMT+9),"https://map.naver.com/p/entry/place/1640628058?c=14.70,0,0,0,dh&placePath=/review?additionalHeight=76&from=map&fromPanelNum=1&locale=ko&svcName=map_pcv5&timestamp=202605072149&reviewSort=recent&photoUsed=true&additionalHeight=76",%EB%84%A4%EC%9D%B4%EB%B2%84_20260418.pdf,빅블루 요가,No,네이버 플레이스,별명51,리뷰
"맞춤 지도에 긴 수련, 합리적 가격",2023년 7월 29일,,2026년 5월 7일 오후 9:54 (GMT+9),"https://map.naver.com/p/entry/place/1640628058?c=14.70,0,0,0,dh&placePath=/review?additionalHeight=76&from=map&fromPanelNum=1&locale=ko&svcName=map_pcv5&timestamp=202605072149&reviewSort=recent&photoUsed=true&additionalHeight=76",%EB%84%A4%EC%9D%B4%EB%B2%84_20230729.pdf,아가르 스튜디오,No,네이버 플레이스,dlq****,리뷰
무리 없이 몸 열고 호흡 길어지는 수업,2023년 7월 31일,,2026년 5월 7일 오후 9:54 (GMT+9),"https://map.naver.com/p/entry/place/1640628058?c=14.70,0,0,0,dh&placePath=/review?additionalHeight=76&from=map&fromPanelNum=1&locale=ko&svcName=map_pcv5&timestamp=202605072149&reviewSort=recent&photoUsed=true&additionalHeight=76",%EB%84%A4%EC%9D%B4%EB%B2%84_20230731.pdf,아가르 스튜디오,No,네이버 플레이스,쏘삐2,리뷰
"본격적 낮 수련반, 보람·개운함",2023년 8월 12일,,2026년 5월 7일 오후 9:54 (GMT+9),"https://map.naver.com/p/entry/place/1640628058?c=14.70,0,0,0,dh&placePath=/review?additionalHeight=76&from=map&fromPanelNum=1&locale=ko&svcName=map_pcv5&timestamp=202605072149&reviewSort=recent&photoUsed=true&additionalHeight=76",%EB%84%A4%EC%9D%B4%EB%B2%84_20230812.pdf,아가르 스튜디오,No,네이버 플레이스,김플피스,리뷰
"원리·자세 꼼꼼 지도, 맞춤 정통요가",2023년 8월 24일,,2026년 5월 7일 오후 9:54 (GMT+9),"https://map.naver.com/p/entry/place/1640628058?c=14.70,0,0,0,dh&placePath=/review?additionalHeight=76&from=map&fromPanelNum=1&locale=ko&svcName=map_pcv5&timestamp=202605072149&reviewSort=recent&photoUsed=true&additionalHeight=76",%EB%84%A4%EC%9D%B4%EB%B2%84_20230824.pdf,아가르 스튜디오,No,네이버 플레이스,lesmots,리뷰
"원데이 저녁수련, 맞춤 지도 만족",2023년 9월 12일,,2026년 5월 7일 오후 9:54 (GMT+9),"https://map.naver.com/p/entry/place/1640628058?c=14.70,0,0,0,dh&placePath=/review?additionalHeight=76&from=map&fromPanelNum=1&locale=ko&svcName=map_pcv5&timestamp=202605072149&reviewSort=recent&photoUsed=true&additionalHeight=76",%EB%84%A4%EC%9D%B4%EB%B2%84_20230912.pdf,아가르 스튜디오,No,네이버 플레이스,senee,리뷰
"3번째 방문, 동작 꼼꼼히 잡아주는 아침 수련반",2023년 9월 18일,,2026년 5월 7일 오후 9:54 (GMT+9),"https://map.naver.com/p/entry/place/1640628058?c=14.70,0,0,0,dh&placePath=/review?additionalHeight=76&from=map&fromPanelNum=1&locale=ko&svcName=map_pcv5&timestamp=202605072149&reviewSort=recent&photoUsed=true&additionalHeight=76",%EB%84%A4%EC%9D%B4%EB%B2%84_20230918_(1).pdf,아가르 스튜디오,No,네이버 플레이스,신현지96,리뷰
"초보도 추천, 맞춤지도 좋은 전통요가",2023년 7월 30일,,2026년 5월 7일 오후 9:54 (GMT+9),"https://map.naver.com/p/entry/place/1640628058?c=14.70,0,0,0,dh&placePath=/review?additionalHeight=76&from=map&fromPanelNum=1&locale=ko&svcName=map_pcv5&timestamp=202605072149&reviewSort=recent&photoUsed=true&additionalHeight=76",%EB%84%A4%EC%9D%B4%EB%B2%84_20230730.pdf,아가르 스튜디오,No,네이버 플레이스,트레이33,리뷰
"후굴 정렬 수업 만족, 금요일도 기대",2026년 5월 6일,,2026년 5월 7일 오후 5:43 (GMT+9),https://www.obud.co/place/yogaweek-yeonhui?tab=review,%EC%98%A4%EB%B6%93_20260506_(5).pdf,빅블루 요가,No,오붓,d******,리뷰
"조용한 분위기, 두통 완화된 호흡 요가",2026년 4월 21일,,2026년 5월 7일 오후 5:43 (GMT+9),https://www.obud.co/place/yogaweek-yeonhui?tab=review,%EC%98%A4%EB%B6%93_20260422.pdf,빅블루 요가,No,오붓,b*********,리뷰
"연희요가위크 첫 방문, 힘들지만 개운한 수업",2026년 4월 27일,,2026년 5월 7일 오후 5:43 (GMT+9),https://www.obud.co/place/yogaweek-yeonhui?tab=review,%EC%98%A4%EB%B6%93_20260427.pdf,빅블루 요가,No,오붓,m********,리뷰
"깔끔한 시설, 티칭도 훌륭해 재방문 의사",2026년 4월 24일,,2026년 5월 7일 오후 5:43 (GMT+9),https://www.obud.co/place/yogaweek-yeonhui?tab=review,%EC%98%A4%EB%B6%93_20260424_(1).pdf,빅블루 요가,No,오붓,m*******,리뷰
디테일한 설명으로 편해진 요가 수업,2026년 4월 20일,,2026년 5월 7일 오후 5:43 (GMT+9),https://www.obud.co/place/yogaweek-yeonhui?tab=review,%EC%98%A4%EB%B6%93_20260420.pdf,빅블루 요가,No,오붓,g*******,리뷰
"견갑골 집중 정렬 수련, 시원한 깨달음",2026년 5월 2일,,2026년 5월 7일 오후 5:43 (GMT+9),https://www.obud.co/place/yogaweek-yeonhui?tab=review,%EC%98%A4%EB%B6%93_20260502_(1).pdf,빅블루 요가,No,오붓,c********,리뷰
"감성 공간, 등근육 자극 핸즈온 만족",2026년 5월 6일,,2026년 5월 7일 오후 5:43 (GMT+9),https://www.obud.co/place/yogaweek-yeonhui?tab=review,%EC%98%A4%EB%B6%93_20260506_(2).pdf,빅블루 요가,No,오붓,g********,리뷰
호흡·척추 정렬 배우는 만족 수업,2026년 5월 6일,,2026년 5월 7일 오후 5:43 (GMT+9),https://www.obud.co/place/yogaweek-yeonhui?tab=review,%EC%98%A4%EB%B6%93_20260506_(4).pdf,빅블루 요가,No,오붓,d******,리뷰
자세 교정·지압으로 힐링된 호흡 수업,2026년 4월 21일,,2026년 5월 7일 오후 5:43 (GMT+9),https://www.obud.co/place/yogaweek-yeonhui?tab=review,%EC%98%A4%EB%B6%93_20260421.pdf,빅블루 요가,No,오붓,k******,리뷰
"견갑골 집중 인텐시브, 배움 많은 요가위크 수업",2026년 5월 2일,,2026년 5월 7일 오후 5:43 (GMT+9),https://www.obud.co/place/yogaweek-yeonhui?tab=review,%EC%98%A4%EB%B6%93_20260502_(3).pdf,빅블루 요가,No,오붓,c********,리뷰
몸 쓰는 법 안내로 하체가 가벼운 정렬 요가,2026년 4월 24일,,2026년 5월 7일 오후 5:43 (GMT+9),https://www.obud.co/place/yogaweek-yeonhui?tab=review,%EC%98%A4%EB%B6%93_20260424_(2).pdf,빅블루 요가,No,오붓,c********,리뷰
몸 정렬에 집중한 정렬 에센스 수업,2026년 4월 25일,,2026년 5월 7일 오후 5:43 (GMT+9),https://www.obud.co/place/yogaweek-yeonhui?tab=review,%EC%98%A4%EB%B6%93_20260425.pdf,빅블루 요가,No,오붓,m********,리뷰
고관절 정렬 이론+실습 인텐시브,2026년 5월 3일,,2026년 5월 7일 오후 5:43 (GMT+9),https://www.obud.co/place/yogaweek-yeonhui?tab=review,%EC%98%A4%EB%B6%93_20260503.pdf,빅블루 요가,No,오붓,c********,리뷰
사바사나 후 골반이 편안한 호흡 리커버리,2026년 5월 2일,,2026년 5월 7일 오후 5:43 (GMT+9),https://www.obud.co/place/yogaweek-yeonhui?tab=review,%EC%98%A4%EB%B6%93_20260502_(2).pdf,빅블루 요가,No,오붓,c********,리뷰
"호흡 리커버리, 설명 완벽한 수업",2026년 5월 6일,,2026년 5월 7일 오후 5:43 (GMT+9),https://www.obud.co/place/yogaweek-yeonhui?tab=review,%EC%98%A4%EB%B6%93_20260506_(3).pdf,빅블루 요가,No,오붓,g******,리뷰
관절 하나하나 느끼는 바디카빙 첫 수련,2026년 5월 1일,,2026년 5월 7일 오후 5:43 (GMT+9),https://www.obud.co/place/yogaweek-yeonhui?tab=review,%EC%98%A4%EB%B6%93_20260501.pdf,빅블루 요가,No,오붓,d*******,리뷰
후굴 정렬을 세심히 잡아주는 요가 수업,2026년 5월 6일,,2026년 5월 7일 오후 5:43 (GMT+9),https://www.obud.co/place/yogaweek-yeonhui?tab=review,%EC%98%A4%EB%B6%93_20260506_(1).pdf,빅블루 요가,No,오붓,h*********,리뷰
관절 사용까지 세심한 저녁 요가 수업 후기,2026년 5월 5일,,2026년 5월 7일 오후 4:52 (GMT+9),https://www.obud.co/place/bigblue-yoga?tab=review,%EC%98%A4%EB%B6%93_20260505.pdf,빅블루 요가,No,오붓,h************,리뷰
핸즈온으로 불균형 잡는 독창적 요가,2026년 3월 15일,,2026년 4월 17일 오후 8:22 (GMT+9),https://www.obud.co/place/bigblue-yoga?tab=review,%EC%98%A4%EB%B6%93_20260315.pdf,빅블루 요가,No,오붓,k*******,리뷰
소수정예로 자세 봐주는 오전 요가 수업,2025년 11월 27일,,2026년 4월 17일 오후 8:22 (GMT+9),https://www.obud.co/place/bigblue-yoga?tab=review,%EC%98%A4%EB%B6%93_20251127.pdf,빅블루 요가,No,오붓,b*********,리뷰
열정 강사 덕에 끝까지 버틴 알찬 요가,2025년 11월 6일,,2026년 4월 17일 오후 8:22 (GMT+9),https://www.obud.co/place/bigblue-yoga?tab=review,%EC%98%A4%EB%B6%93_20251106.pdf,빅블루 요가,No,오붓,v*******,리뷰
체형 교정에 집중한 자세한 요가 수련,2025년 10월 31일,,2026년 4월 17일 오후 8:22 (GMT+9),https://www.obud.co/place/bigblue-yoga?tab=review,%EC%98%A4%EB%B6%93_20251031.pdf,빅블루 요가,No,오붓,d**************,리뷰
"무리 없는 동작, 친절한 요가 수업",2025년 10월 19일,,2026년 4월 17일 오후 8:22 (GMT+9),https://www.obud.co/place/bigblue-yoga?tab=review,%EC%98%A4%EB%B6%93_20251019.pdf,빅블루 요가,No,오붓,k************,리뷰
추석연휴 요가 후 어깨가 개운했다,2025년 10월 12일,,2026년 4월 17일 오후 8:22 (GMT+9),https://www.obud.co/place/bigblue-yoga?tab=review,%EC%98%A4%EB%B6%93_20251012.pdf,빅블루 요가,No,오붓,l**********,리뷰
차분한 분위기에서 호흡하며 몸을 푸는 요가,2025년 8월 22일,,2026년 4월 17일 오후 8:22 (GMT+9),https://www.obud.co/place/bigblue-yoga?tab=review,%EC%98%A4%EB%B6%93_20250822.pdf,빅블루 요가,No,오붓,s******,리뷰
"섬세한 자세 교정, 이론 설명까지 좋은 수업",2025년 7월 13일,,2026년 4월 17일 오후 8:22 (GMT+9),https://www.obud.co/place/bigblue-yoga?tab=review,%EC%98%A4%EB%B6%93_20250713.pdf,빅블루 요가,No,오붓,d****,리뷰
